"ordre_punt","location_x","location_y","location_z"
1,-3.802528,37.7780921,533.6
2,-3.80247181745283,37.7780870938679,533.484905660377
3,-3.80241563490566,37.7780820877358,533.369811320755
4,-3.80235945235849,37.7780770816038,533.254716981132
5,-3.80230326981132,37.7780720754717,533.13962264151
6,-3.80224708726415,37.7780670693396,533.024528301887
7,-3.80219090471698,37.7780620632075,532.909433962264
8,-3.80213472216981,37.7780570570755,532.794339622641
9,-3.80207853962264,37.7780520509434,532.679245283019
10,-3.80202235707547,37.7780470448113,532.564150943396
11,-3.8019661745283,37.7780420386792,532.449056603774
12,-3.80190999198113,37.7780370325472,532.333962264151
13,-3.80185380943396,37.7780320264151,532.218867924528
14,-3.80179762688679,37.778027020283,532.103773584906
15,-3.80174144433962,37.7780220141509,531.988679245283
16,-3.80168526179245,37.7780170080189,531.87358490566
17,-3.80162907924528,37.7780120018868,531.758490566038
18,-3.80157289669811,37.7780069957547,531.643396226415
19,-3.80151671415094,37.7780019896226,531.528301886793
20,-3.80146053160377,37.7779969834906,531.41320754717
21,-3.8014043490566,37.7779919773585,531.298113207547
22,-3.80134816650943,37.7779869712264,531.183018867924
23,-3.80129198396226,37.7779819650943,531.067924528302
24,-3.80123580141509,37.7779769589623,530.952830188679
25,-3.80117961886792,37.7779719528302,530.837735849057
26,-3.80112343632075,37.7779669466981,530.722641509434
27,-3.80106725377359,37.777961940566,530.607547169811
28,-3.80101107122642,37.777956934434,530.492452830189
29,-3.80095488867925,37.7779519283019,530.377358490566
30,-3.80089870613208,37.7779469221698,530.262264150943
31,-3.80084252358491,37.7779419160377,530.147169811321
32,-3.80078634103774,37.7779369099057,530.032075471698
33,-3.80073015849057,37.7779319037736,529.916981132076
34,-3.8006739759434,37.7779268976415,529.801886792453
35,-3.80061779339623,37.7779218915094,529.68679245283
36,-3.80056161084906,37.7779168853774,529.571698113208
37,-3.80050542830189,37.7779118792453,529.456603773585
38,-3.80044924575472,37.7779068731132,529.341509433962
39,-3.80039306320755,37.7779018669811,529.22641509434
40,-3.80033688066038,37.7778968608491,529.111320754717
41,-3.80028069811321,37.777891854717,528.996226415094
42,-3.80022451556604,37.7778868485849,528.881132075472
43,-3.80016833301887,37.7778818424528,528.766037735849
44,-3.8001121504717,37.7778768363208,528.650943396226
45,-3.80005596792453,37.7778718301887,528.535849056604
46,-3.79999978537736,37.7778668240566,528.420754716981
47,-3.79994360283019,37.7778618179245,528.305660377358
48,-3.79988742028302,37.7778568117925,528.190566037736
49,-3.79983123773585,37.7778518056604,528.075471698113
50,-3.79977505518868,37.7778467995283,527.960377358491
51,-3.79971887264151,37.7778417933962,527.845283018868
52,-3.79966269009434,37.7778367872641,527.730188679245
53,-3.79960650754717,37.7778317811321,527.615094339623
54,-3.799550325,37.777826775,527.5
55,-3.79949414245283,37.7778217688679,527.384905660377
56,-3.79943795990566,37.7778167627359,527.269811320755
57,-3.79938177735849,37.7778117566038,527.154716981132
58,-3.79932559481132,37.7778067504717,527.039622641509
59,-3.79926941226415,37.7778017443396,526.924528301887
60,-3.79921322971698,37.7777967382075,526.809433962264
61,-3.79915704716981,37.7777917320755,526.694339622642
62,-3.79910086462264,37.7777867259434,526.579245283019
63,-3.79904468207547,37.7777817198113,526.464150943396
64,-3.7989884995283,37.7777767136792,526.349056603774
65,-3.79893231698113,37.7777717075472,526.233962264151
66,-3.79887613443396,37.7777667014151,526.118867924528
67,-3.79881995188679,37.777761695283,526.003773584906
68,-3.79876376933962,37.7777566891509,525.888679245283
69,-3.79870758679245,37.7777516830189,525.77358490566
70,-3.79865140424528,37.7777466768868,525.658490566038
71,-3.79859522169811,37.7777416707547,525.543396226415
72,-3.79853903915094,37.7777366646226,525.428301886792
73,-3.79848285660377,37.7777316584906,525.31320754717
74,-3.7984266740566,37.7777266523585,525.198113207547
75,-3.79837049150943,37.7777216462264,525.083018867924
76,-3.79831430896226,37.7777166400943,524.967924528302
77,-3.79825812641509,37.7777116339623,524.852830188679
78,-3.79820194386792,37.7777066278302,524.737735849057
79,-3.79814576132075,37.7777016216981,524.622641509434
80,-3.79808957877359,37.777696615566,524.507547169811
81,-3.79803339622642,37.777691609434,524.392452830189
82,-3.79797721367925,37.7776866033019,524.277358490566
83,-3.79792103113208,37.7776815971698,524.162264150943
84,-3.79786484858491,37.7776765910377,524.047169811321
85,-3.79780866603774,37.7776715849057,523.932075471698
86,-3.79775248349057,37.7776665787736,523.816981132076
87,-3.7976963009434,37.7776615726415,523.701886792453
88,-3.79764011839623,37.7776565665094,523.58679245283
89,-3.79758393584906,37.7776515603774,523.471698113208
90,-3.79752775330189,37.7776465542453,523.356603773585
91,-3.79747157075472,37.7776415481132,523.241509433962
92,-3.79741538820755,37.7776365419811,523.12641509434
93,-3.79735920566038,37.7776315358491,523.011320754717
94,-3.79730302311321,37.777626529717,522.896226415094
95,-3.79724684056604,37.7776215235849,522.781132075472
96,-3.79719065801887,37.7776165174528,522.666037735849
97,-3.7971344754717,37.7776115113208,522.550943396226
98,-3.79707829292453,37.7776065051887,522.435849056604
99,-3.79702211037736,37.7776014990566,522.320754716981
100,-3.79696592783019,37.7775964929245,522.205660377359
101,-3.79690974528302,37.7775914867925,522.090566037736
102,-3.79685356273585,37.7775864806604,521.975471698113
103,-3.79679738018868,37.7775814745283,521.860377358491
104,-3.79674119764151,37.7775764683962,521.745283018868
105,-3.79668501509434,37.7775714622641,521.630188679245
106,-3.79662883254717,37.7775664561321,521.515094339623
107,-3.79657265,37.77756145,521.4
108,-3.79651646745283,37.7775564438679,521.284905660377
109,-3.79646028490566,37.7775514377359,521.169811320755
110,-3.79640410235849,37.7775464316038,521.054716981132
111,-3.79634791981132,37.7775414254717,520.939622641509
112,-3.79629173726415,37.7775364193396,520.824528301887
113,-3.79623555471698,37.7775314132075,520.709433962264
114,-3.79617937216981,37.7775264070755,520.594339622641
115,-3.79612318962264,37.7775214009434,520.479245283019
116,-3.79606700707547,37.7775163948113,520.364150943396
117,-3.7960108245283,37.7775113886792,520.249056603774
118,-3.79595464198113,37.7775063825472,520.133962264151
119,-3.79589845943396,37.7775013764151,520.018867924528
120,-3.79584227688679,37.777496370283,519.903773584906
121,-3.79578609433962,37.7774913641509,519.788679245283
122,-3.79572991179245,37.7774863580189,519.67358490566
123,-3.79567372924528,37.7774813518868,519.558490566038
124,-3.79561754669811,37.7774763457547,519.443396226415
125,-3.79556136415094,37.7774713396226,519.328301886792
126,-3.79550518160377,37.7774663334906,519.21320754717
127,-3.7954489990566,37.7774613273585,519.098113207547
128,-3.79539281650943,37.7774563212264,518.983018867925
129,-3.79533663396226,37.7774513150943,518.867924528302
130,-3.79528045141509,37.7774463089623,518.752830188679
131,-3.79522426886792,37.7774413028302,518.637735849057
132,-3.79516808632075,37.7774362966981,518.522641509434
133,-3.79511190377359,37.777431290566,518.407547169811
134,-3.79505572122642,37.777426284434,518.292452830189
135,-3.79499953867924,37.7774212783019,518.177358490566
136,-3.79494335613208,37.7774162721698,518.062264150943
137,-3.79488717358491,37.7774112660377,517.947169811321
138,-3.79483099103774,37.7774062599057,517.832075471698
139,-3.79477480849057,37.7774012537736,517.716981132075
140,-3.7947186259434,37.7773962476415,517.601886792453
141,-3.79466244339623,37.7773912415094,517.48679245283
142,-3.79460626084906,37.7773862353774,517.371698113208
143,-3.79455007830189,37.7773812292453,517.256603773585
144,-3.79449389575472,37.7773762231132,517.141509433962
145,-3.79443771320755,37.7773712169811,517.02641509434
146,-3.79438153066038,37.7773662108491,516.911320754717
147,-3.79432534811321,37.777361204717,516.796226415094
148,-3.79426916556604,37.7773561985849,516.681132075472
149,-3.79421298301887,37.7773511924528,516.566037735849
150,-3.7941568004717,37.7773461863208,516.450943396226
151,-3.79410061792453,37.7773411801887,516.335849056604
152,-3.79404443537736,37.7773361740566,516.220754716981
153,-3.79398825283019,37.7773311679245,516.105660377359
154,-3.79393207028302,37.7773261617925,515.990566037736
155,-3.79387588773585,37.7773211556604,515.875471698113
156,-3.79381970518868,37.7773161495283,515.760377358491
157,-3.79376352264151,37.7773111433962,515.645283018868
158,-3.79370734009434,37.7773061372641,515.530188679245
159,-3.79365115754717,37.7773011311321,515.415094339623
160,-3.793594975,37.777296125,515.3
161,-3.79353879245283,37.7772911188679,515.184905660377
162,-3.79348260990566,37.7772861127359,515.069811320755
163,-3.79342642735849,37.7772811066038,514.954716981132
164,-3.79337024481132,37.7772761004717,514.839622641509
165,-3.79331406226415,37.7772710943396,514.724528301887
166,-3.79325787971698,37.7772660882075,514.609433962264
167,-3.79320169716981,37.7772610820755,514.494339622642
168,-3.79314551462264,37.7772560759434,514.379245283019
169,-3.79308933207547,37.7772510698113,514.264150943396
170,-3.7930331495283,37.7772460636792,514.149056603774
171,-3.79297696698113,37.7772410575472,514.033962264151
172,-3.79292078443396,37.7772360514151,513.918867924528
173,-3.79286460188679,37.777231045283,513.803773584906
174,-3.79280841933962,37.7772260391509,513.688679245283
175,-3.79275223679245,37.7772210330189,513.57358490566
176,-3.79269605424528,37.7772160268868,513.458490566038
177,-3.79263987169811,37.7772110207547,513.343396226415
178,-3.79258368915094,37.7772060146226,513.228301886792
179,-3.79252750660377,37.7772010084906,513.11320754717
180,-3.7924713240566,37.7771960023585,512.998113207547
181,-3.79241514150943,37.7771909962264,512.883018867925
182,-3.79235895896226,37.7771859900943,512.767924528302
183,-3.79230277641509,37.7771809839623,512.652830188679
184,-3.79224659386792,37.7771759778302,512.537735849057
185,-3.79219041132075,37.7771709716981,512.422641509434
186,-3.79213422877358,37.777165965566,512.307547169811
187,-3.79207804622642,37.777160959434,512.192452830189
188,-3.79202186367925,37.7771559533019,512.077358490566
189,-3.79196568113208,37.7771509471698,511.962264150943
190,-3.79190949858491,37.7771459410377,511.847169811321
191,-3.79185331603774,37.7771409349057,511.732075471698
192,-3.79179713349057,37.7771359287736,511.616981132075
193,-3.7917409509434,37.7771309226415,511.501886792453
194,-3.79168476839623,37.7771259165094,511.38679245283
195,-3.79162858584906,37.7771209103774,511.271698113208
196,-3.79157240330189,37.7771159042453,511.156603773585
197,-3.79151622075472,37.7771108981132,511.041509433962
198,-3.79146003820755,37.7771058919811,510.92641509434
199,-3.79140385566038,37.7771008858491,510.811320754717
200,-3.79134767311321,37.777095879717,510.696226415094
201,-3.79129149056604,37.7770908735849,510.581132075472
202,-3.79123530801887,37.7770858674528,510.466037735849
203,-3.7911791254717,37.7770808613208,510.350943396226
204,-3.79112294292453,37.7770758551887,510.235849056604
205,-3.79106676037736,37.7770708490566,510.120754716981
206,-3.79101057783019,37.7770658429245,510.005660377358
207,-3.79095439528302,37.7770608367925,509.890566037736
208,-3.79089821273585,37.7770558306604,509.775471698113
209,-3.79084203018868,37.7770508245283,509.660377358491
210,-3.79078584764151,37.7770458183962,509.545283018868
211,-3.79072966509434,37.7770408122642,509.430188679245
212,-3.79067348254717,37.7770358061321,509.315094339623
213,-3.7906173,37.7770308,509.2
214,-3.79056247272727,37.7770308,509.427272727273
215,-3.79050764545455,37.7770308,509.654545454545
216,-3.79045281818182,37.7770308,509.881818181818
217,-3.79039799090909,37.7770308,510.109090909091
218,-3.79034316363636,37.7770308,510.336363636364
219,-3.79028833636364,37.7770308,510.563636363636
220,-3.79023350909091,37.7770308,510.790909090909
221,-3.79017868181818,37.7770308,511.018181818182
222,-3.79012385454545,37.7770308,511.245454545454
223,-3.79006902727273,37.7770308,511.472727272727
224,-3.7900142,37.7770308,511.7
225,-3.78995937272727,37.7770308,511.927272727273
226,-3.78990454545455,37.7770308,512.154545454545
227,-3.78984971818182,37.7770308,512.381818181818
228,-3.78979489090909,37.7770308,512.609090909091
229,-3.78974006363636,37.7770308,512.836363636364
230,-3.78968523636364,37.7770308,513.063636363636
231,-3.78963040909091,37.7770308,513.290909090909
232,-3.78957558181818,37.7770308,513.518181818182
233,-3.78952075454546,37.7770308,513.745454545455
234,-3.78946592727273,37.7770308,513.972727272727
235,-3.7894111,37.7770308,514.2
236,-3.78935978947368,37.7770494210526,513.823684210526
237,-3.78930847894737,37.7770680421053,513.447368421053
238,-3.78925716842105,37.7770866631579,513.071052631579
239,-3.78920585789474,37.7771052842105,512.694736842105
240,-3.78915454736842,37.7771239052632,512.318421052632
241,-3.7891032368421,37.7771425263158,511.942105263158
242,-3.78905192631579,37.7771611473684,511.565789473684
243,-3.78900061578947,37.777179768421,511.189473684211
244,-3.78894930526316,37.7771983894737,510.813157894737
245,-3.78889799473684,37.7772170105263,510.436842105263
246,-3.78884668421053,37.7772356315789,510.06052631579
247,-3.78879537368421,37.7772542526316,509.684210526316
248,-3.7887440631579,37.7772728736842,509.307894736842
249,-3.78869275263158,37.7772914947368,508.931578947368
250,-3.78864144210526,37.7773101157895,508.555263157895
251,-3.78859013157895,37.7773287368421,508.178947368421
252,-3.78853882105263,37.7773473578947,507.802631578947
253,-3.78848751052632,37.7773659789474,507.426315789474
254,-3.7884362,37.7773846,507.05
255,-3.78838488947368,37.7774032210526,506.673684210526
256,-3.78833357894737,37.7774218421053,506.297368421053
257,-3.78828226842105,37.7774404631579,505.921052631579
258,-3.78823095789474,37.7774590842105,505.544736842105
259,-3.78817964736842,37.7774777052632,505.168421052632
260,-3.78812833684211,37.7774963263158,504.792105263158
261,-3.78807702631579,37.7775149473684,504.415789473684
262,-3.78802571578947,37.777533568421,504.039473684211
263,-3.78797440526316,37.7775521894737,503.663157894737
264,-3.78792309473684,37.7775708105263,503.286842105263
265,-3.78787178421053,37.7775894315789,502.910526315789
266,-3.78782047368421,37.7776080526316,502.534210526316
267,-3.78776916315789,37.7776266736842,502.157894736842
268,-3.78771785263158,37.7776452947368,501.781578947368
269,-3.78766654210526,37.7776639157895,501.405263157895
270,-3.78761523157895,37.7776825368421,501.028947368421
271,-3.78756392105263,37.7777011578947,500.652631578947
272,-3.78751261052632,37.7777197789474,500.276315789474
273,-3.7874613,37.7777384,499.9
274,-3.78740999772727,37.7777567090909,499.881818181818
275,-3.78735869545455,37.7777750181818,499.863636363636
276,-3.78730739318182,37.7777933272727,499.845454545455
277,-3.78725609090909,37.7778116363636,499.827272727273
278,-3.78720478863636,37.7778299454545,499.809090909091
279,-3.78715348636364,37.7778482545454,499.790909090909
280,-3.78710218409091,37.7778665636364,499.772727272727
281,-3.78705088181818,37.7778848727273,499.754545454545
282,-3.78699957954545,37.7779031818182,499.736363636364
283,-3.78694827727273,37.7779214909091,499.718181818182
284,-3.786896975,37.7779398,499.7
285,-3.78684567272727,37.7779581090909,499.681818181818
286,-3.78679437045455,37.7779764181818,499.663636363636
287,-3.78674306818182,37.7779947272727,499.645454545455
288,-3.78669176590909,37.7780130363636,499.627272727273
289,-3.78664046363636,37.7780313454545,499.609090909091
290,-3.78658916136364,37.7780496545454,499.590909090909
291,-3.78653785909091,37.7780679636364,499.572727272727
292,-3.78648655681818,37.7780862727273,499.554545454545
293,-3.78643525454545,37.7781045818182,499.536363636364
294,-3.78638395227273,37.7781228909091,499.518181818182
295,-3.78633265,37.7781412,499.5
296,-3.78628134772727,37.7781595090909,499.481818181818
297,-3.78623004545455,37.7781778181818,499.463636363636
298,-3.78617874318182,37.7781961272727,499.445454545455
299,-3.78612744090909,37.7782144363636,499.427272727273
300,-3.78607613863636,37.7782327454545,499.409090909091
301,-3.78602483636364,37.7782510545454,499.390909090909
302,-3.78597353409091,37.7782693636364,499.372727272727
303,-3.78592223181818,37.7782876727273,499.354545454545
304,-3.78587092954545,37.7783059818182,499.336363636364
305,-3.78581962727273,37.7783242909091,499.318181818182
306,-3.785768325,37.7783426,499.3
307,-3.78571702272727,37.7783609090909,499.281818181818
308,-3.78566572045455,37.7783792181818,499.263636363636
309,-3.78561441818182,37.7783975272727,499.245454545455
310,-3.78556311590909,37.7784158363636,499.227272727273
311,-3.78551181363636,37.7784341454545,499.209090909091
312,-3.78546051136364,37.7784524545455,499.190909090909
313,-3.78540920909091,37.7784707636364,499.172727272727
314,-3.78535790681818,37.7784890727273,499.154545454545
315,-3.78530660454545,37.7785073818182,499.136363636364
316,-3.78525530227273,37.7785256909091,499.118181818182
317,-3.785204,37.778544,499.1
318,-3.78521158803828,37.7784993598086,499.411961722488
319,-3.78521917607655,37.7784547196172,499.723923444976
320,-3.78522676411483,37.7784100794258,500.035885167464
321,-3.78523435215311,37.7783654392344,500.347846889952
322,-3.78524194019139,37.7783207990431,500.65980861244
323,-3.78524952822966,37.7782761588517,500.971770334928
324,-3.78525711626794,37.7782315186603,501.283732057416
325,-3.78526470430622,37.7781868784689,501.595693779904
326,-3.7852722923445,37.7781422382775,501.907655502392
327,-3.78527988038277,37.7780975980861,502.21961722488
328,-3.78528746842105,37.7780529578947,502.531578947368
329,-3.78529505645933,37.7780083177033,502.843540669856
330,-3.78530264449761,37.777963677512,503.155502392344
331,-3.78531023253588,37.7779190373206,503.467464114833
332,-3.78531782057416,37.7778743971292,503.779425837321
333,-3.78532540861244,37.7778297569378,504.091387559809
334,-3.78533299665072,37.7777851167464,504.403349282297
335,-3.785340584689,37.777740476555,504.715311004785
336,-3.78534817272727,37.7776958363636,505.027272727273
337,-3.78535576076555,37.7776511961722,505.339234449761
338,-3.78536334880383,37.7776065559809,505.651196172249
339,-3.78537093684211,37.7775619157895,505.963157894737
340,-3.78537852488038,37.7775172755981,506.275119617225
341,-3.78538611291866,37.7774726354067,506.587081339713
342,-3.78539370095694,37.7774279952153,506.899043062201
343,-3.78540128899522,37.7773833550239,507.211004784689
344,-3.78540887703349,37.7773387148325,507.522966507177
345,-3.78541646507177,37.7772940746411,507.834928229665
346,-3.78542405311005,37.7772494344498,508.146889952153
347,-3.78543164114833,37.7772047942584,508.458851674641
348,-3.7854392291866,37.777160154067,508.770813397129
349,-3.78544681722488,37.7771155138756,509.082775119617
350,-3.78545440526316,37.7770708736842,509.394736842105
351,-3.78546199330144,37.7770262334928,509.706698564593
352,-3.78546958133971,37.7769815933014,510.018660287081
353,-3.78547716937799,37.77693695311,510.330622009569
354,-3.78548475741627,37.7768923129187,510.642583732057
355,-3.78549234545455,37.7768476727273,510.954545454545
356,-3.78549993349282,37.7768030325359,511.266507177034
357,-3.7855075215311,37.7767583923445,511.578468899522
358,-3.78551510956938,37.7767137521531,511.89043062201
359,-3.78552269760766,37.7766691119617,512.202392344498
360,-3.78553028564593,37.7766244717703,512.514354066986
361,-3.78553787368421,37.7765798315789,512.826315789474
362,-3.78554546172249,37.7765351913876,513.138277511962
363,-3.78555304976077,37.7764905511962,513.45023923445
364,-3.78556063779904,37.7764459110048,513.762200956938
365,-3.78556822583732,37.7764012708134,514.074162679426
366,-3.7855758138756,37.776356630622,514.386124401914
367,-3.78558340191388,37.7763119904306,514.698086124402
368,-3.78559098995215,37.7762673502392,515.01004784689
369,-3.78559857799043,37.7762227100478,515.322009569378
370,-3.78560616602871,37.7761780698565,515.633971291866
371,-3.78561375406699,37.7761334296651,515.945933014354
372,-3.78562134210526,37.7760887894737,516.257894736842
373,-3.78562893014354,37.7760441492823,516.56985645933
374,-3.78563651818182,37.7759995090909,516.881818181818
375,-3.7856441062201,37.7759548688995,517.193779904306
376,-3.78565169425837,37.7759102287081,517.505741626794
377,-3.78565928229665,37.7758655885167,517.817703349282
378,-3.78566687033493,37.7758209483254,518.12966507177
379,-3.78567445837321,37.775776308134,518.441626794258
380,-3.78568204641148,37.7757316679426,518.753588516746
381,-3.78568963444976,37.7756870277512,519.065550239234
382,-3.78569722248804,37.7756423875598,519.377511961723
383,-3.78570481052632,37.7755977473684,519.68947368421
384,-3.78571239856459,37.775553107177,520.001435406699
385,-3.78571998660287,37.7755084669856,520.313397129187
386,-3.78572757464115,37.7754638267943,520.625358851675
387,-3.78573516267943,37.7754191866029,520.937320574163
388,-3.7857427507177,37.7753745464115,521.249282296651
389,-3.78575033875598,37.7753299062201,521.561244019139
390,-3.78575792679426,37.7752852660287,521.873205741627
391,-3.78576551483254,37.7752406258373,522.185167464115
392,-3.78577310287081,37.7751959856459,522.497129186603
393,-3.78578069090909,37.7751513454545,522.809090909091
394,-3.78578827894737,37.7751067052632,523.121052631579
395,-3.78579586698565,37.7750620650718,523.433014354067
396,-3.78580345502392,37.7750174248804,523.744976076555
397,-3.7858110430622,37.774972784689,524.056937799043
398,-3.78581863110048,37.7749281444976,524.368899521531
399,-3.78582621913876,37.7748835043062,524.680861244019
400,-3.78583380717703,37.7748388641148,524.992822966507
401,-3.78584139521531,37.7747942239234,525.304784688995
402,-3.78584898325359,37.7747495837321,525.616746411483
403,-3.78585657129187,37.7747049435407,525.928708133971
404,-3.78586415933014,37.7746603033493,526.240669856459
405,-3.78587174736842,37.7746156631579,526.552631578947
406,-3.7858793354067,37.7745710229665,526.864593301435
407,-3.78588692344498,37.7745263827751,527.176555023923
408,-3.78589451148325,37.7744817425837,527.488516746412
409,-3.78590209952153,37.7744371023923,527.8004784689
410,-3.78590968755981,37.774392462201,528.112440191388
411,-3.78591727559809,37.7743478220096,528.424401913876
412,-3.78592486363636,37.7743031818182,528.736363636364
413,-3.78593245167464,37.7742585416268,529.048325358852
414,-3.78594003971292,37.7742139014354,529.36028708134
415,-3.7859476277512,37.774169261244,529.672248803828
416,-3.78595521578947,37.7741246210526,529.984210526316
417,-3.78596280382775,37.7740799808612,530.296172248804
418,-3.78597039186603,37.7740353406699,530.608133971292
419,-3.78597797990431,37.7739907004785,530.92009569378
420,-3.78598556794258,37.7739460602871,531.232057416268
421,-3.78599315598086,37.7739014200957,531.544019138756
422,-3.78600074401914,37.7738567799043,531.855980861244
423,-3.78600833205742,37.7738121397129,532.167942583732
424,-3.78601592009569,37.7737674995215,532.47990430622
425,-3.78602350813397,37.7737228593301,532.791866028708
426,-3.78603109617225,37.7736782191388,533.103827751196
427,-3.78603868421053,37.7736335789474,533.415789473684
428,-3.7860462722488,37.773588938756,533.727751196172
429,-3.78605386028708,37.7735442985646,534.03971291866
430,-3.78606144832536,37.7734996583732,534.351674641148
431,-3.78606903636364,37.7734550181818,534.663636363636
432,-3.78607662440191,37.7734103779904,534.975598086124
433,-3.78608421244019,37.773365737799,535.287559808612
434,-3.78609180047847,37.7733210976076,535.5995215311
435,-3.78609938851675,37.7732764574163,535.911483253589
436,-3.78610697655502,37.7732318172249,536.223444976077
437,-3.7861145645933,37.7731871770335,536.535406698565
438,-3.78612215263158,37.7731425368421,536.847368421053
439,-3.78612974066986,37.7730978966507,537.159330143541
440,-3.78613732870813,37.7730532564593,537.471291866029
441,-3.78614491674641,37.7730086162679,537.783253588517
442,-3.78615250478469,37.7729639760766,538.095215311005
443,-3.78616009282297,37.7729193358852,538.407177033493
444,-3.78616768086124,37.7728746956938,538.719138755981
445,-3.78617526889952,37.7728300555024,539.031100478469
446,-3.7861828569378,37.772785415311,539.343062200957
447,-3.78619044497608,37.7727407751196,539.655023923445
448,-3.78619803301435,37.7726961349282,539.966985645933
449,-3.78620562105263,37.7726514947368,540.278947368421
450,-3.78621320909091,37.7726068545455,540.590909090909
451,-3.78622079712919,37.7725622143541,540.902870813397
452,-3.78622838516746,37.7725175741627,541.214832535885
453,-3.78623597320574,37.7724729339713,541.526794258373
454,-3.78624356124402,37.7724282937799,541.838755980861
455,-3.7862511492823,37.7723836535885,542.150717703349
456,-3.78625873732057,37.7723390133971,542.462679425837
457,-3.78626632535885,37.7722943732057,542.774641148325
458,-3.78627391339713,37.7722497330144,543.086602870813
459,-3.78628150143541,37.772205092823,543.398564593301
460,-3.78628908947368,37.7721604526316,543.710526315789
461,-3.78629667751196,37.7721158124402,544.022488038278
462,-3.78630426555024,37.7720711722488,544.334449760766
463,-3.78631185358852,37.7720265320574,544.646411483254
464,-3.78631944162679,37.771981891866,544.958373205742
465,-3.78632702966507,37.7719372516746,545.27033492823
466,-3.78633461770335,37.7718926114833,545.582296650718
467,-3.78634220574163,37.7718479712919,545.894258373206
468,-3.7863497937799,37.7718033311005,546.206220095694
469,-3.78635738181818,37.7717586909091,546.518181818182
470,-3.78636496985646,37.7717140507177,546.83014354067
471,-3.78637255789474,37.7716694105263,547.142105263158
472,-3.78638014593301,37.7716247703349,547.454066985646
473,-3.78638773397129,37.7715801301435,547.766028708134
474,-3.78639532200957,37.7715354899522,548.077990430622
475,-3.78640291004785,37.7714908497608,548.38995215311
476,-3.78641049808612,37.7714462095694,548.701913875598
477,-3.7864180861244,37.771401569378,549.013875598086
478,-3.78642567416268,37.7713569291866,549.325837320574
479,-3.78643326220096,37.7713122889952,549.637799043062
480,-3.78644085023923,37.7712676488038,549.94976076555
481,-3.78644843827751,37.7712230086124,550.261722488038
482,-3.78645602631579,37.7711783684211,550.573684210526
483,-3.78646361435407,37.7711337282297,550.885645933014
484,-3.78647120239234,37.7710890880383,551.197607655502
485,-3.78647879043062,37.7710444478469,551.50956937799
486,-3.7864863784689,37.7709998076555,551.821531100478
487,-3.78649396650718,37.7709551674641,552.133492822966
488,-3.78650155454545,37.7709105272727,552.445454545454
489,-3.78650914258373,37.7708658870813,552.757416267943
490,-3.78651673062201,37.77082124689,553.069377990431
491,-3.78652431866029,37.7707766066986,553.381339712919
492,-3.78653190669856,37.7707319665072,553.693301435407
493,-3.78653949473684,37.7706873263158,554.005263157895
494,-3.78654708277512,37.7706426861244,554.317224880383
495,-3.7865546708134,37.770598045933,554.629186602871
496,-3.78656225885167,37.7705534057416,554.941148325359
497,-3.78656984688995,37.7705087655502,555.253110047847
498,-3.78657743492823,37.7704641253589,555.565071770335
499,-3.78658502296651,37.7704194851675,555.877033492823
500,-3.78659261100478,37.7703748449761,556.188995215311
501,-3.78660019904306,37.7703302047847,556.500956937799
502,-3.78660778708134,37.7702855645933,556.812918660287
503,-3.78661537511962,37.7702409244019,557.124880382775
504,-3.78662296315789,37.7701962842105,557.436842105263
505,-3.78663055119617,37.7701516440191,557.748803827751
506,-3.78663813923445,37.7701070038277,558.060765550239
507,-3.78664572727273,37.7700623636364,558.372727272727
508,-3.786653315311,37.770017723445,558.684688995215
509,-3.78666090334928,37.7699730832536,558.996650717703
510,-3.78666849138756,37.7699284430622,559.308612440191
511,-3.78667607942584,37.7698838028708,559.620574162679
512,-3.78668366746412,37.7698391626794,559.932535885167
513,-3.78669125550239,37.769794522488,560.244497607655
514,-3.78669884354067,37.7697498822967,560.556459330144
515,-3.78670643157895,37.7697052421053,560.868421052632
516,-3.78671401961723,37.7696606019139,561.18038277512
517,-3.7867216076555,37.7696159617225,561.492344497608
518,-3.78672919569378,37.7695713215311,561.804306220096
519,-3.78673678373206,37.7695266813397,562.116267942584
520,-3.78674437177034,37.7694820411483,562.428229665072
521,-3.78675195980861,37.7694374009569,562.74019138756
522,-3.78675954784689,37.7693927607655,563.052153110048
523,-3.78676713588517,37.7693481205742,563.364114832536
524,-3.78677472392345,37.7693034803828,563.676076555024
525,-3.78678231196172,37.7692588401914,563.988038277512
526,-3.7867899,37.7692142,564.3
527,-3.78673775,37.769199575,564.1375
528,-3.7866856,37.76918495,563.975
529,-3.78663345,37.769170325,563.8125
530,-3.7865813,37.7691557,563.65
531,-3.78652915,37.769141075,563.4875
532,-3.786477,37.76912645,563.325
533,-3.78642485,37.769111825,563.1625
534,-3.7863727,37.7690972,563
535,-3.78631909473684,37.7690864684211,562.757894736842
536,-3.78626548947368,37.7690757368421,562.515789473684
537,-3.78621188421053,37.7690650052632,562.273684210526
538,-3.78615827894737,37.7690542736842,562.031578947368
539,-3.78610467368421,37.7690435421053,561.789473684211
540,-3.78605106842105,37.7690328105263,561.547368421053
541,-3.78599746315789,37.7690220789474,561.305263157895
542,-3.78594385789474,37.7690113473684,561.063157894737
543,-3.78589025263158,37.7690006157895,560.821052631579
544,-3.78583664736842,37.7689898842105,560.578947368421
545,-3.78578304210526,37.7689791526316,560.336842105263
546,-3.78572943684211,37.7689684210526,560.094736842105
547,-3.78567583157895,37.7689576894737,559.852631578947
548,-3.78562222631579,37.7689469578947,559.610526315789
549,-3.78556862105263,37.7689362263158,559.368421052632
550,-3.78551501578947,37.7689254947368,559.126315789474
551,-3.78546141052632,37.7689147631579,558.884210526316
552,-3.78540780526316,37.7689040315789,558.642105263158
553,-3.7853542,37.7688933,558.4
554,-3.78530059473684,37.768882568421,558.157894736842
555,-3.78524698947368,37.7688718368421,557.915789473684
556,-3.78519338421053,37.7688611052632,557.673684210526
557,-3.78513977894737,37.7688503736842,557.431578947368
558,-3.78508617368421,37.7688396421053,557.18947368421
559,-3.78503256842105,37.7688289105263,556.947368421053
560,-3.78497896315789,37.7688181789474,556.705263157895
561,-3.78492535789474,37.7688074473684,556.463157894737
562,-3.78487175263158,37.7687967157895,556.221052631579
563,-3.78481814736842,37.7687859842105,555.978947368421
564,-3.78476454210526,37.7687752526316,555.736842105263
565,-3.78471093684211,37.7687645210526,555.494736842105
566,-3.78465733157895,37.7687537894737,555.252631578947
567,-3.78460372631579,37.7687430578947,555.010526315789
568,-3.78455012105263,37.7687323263158,554.768421052632
569,-3.78449651578947,37.7687215947368,554.526315789474
570,-3.78444291052632,37.7687108631579,554.284210526316
571,-3.78438930526316,37.7687001315789,554.042105263158
572,-3.7843357,37.7686894,553.8
573,-3.78428032,37.76868282,553.16
574,-3.78422494,37.76867624,552.52
575,-3.78416956,37.76866966,551.88
576,-3.78411418,37.76866308,551.24
577,-3.7840588,37.7686565,550.6
578,-3.78400285,37.768663975,550.425
579,-3.7839469,37.76867145,550.25
580,-3.78389095,37.768678925,550.075
581,-3.783835,37.7686864,549.9
582,-3.78378038,37.7686978,549.78
583,-3.78372576,37.7687092,549.66
584,-3.78367114,37.7687206,549.54
585,-3.78361652,37.768732,549.42
586,-3.7835619,37.7687434,549.3
587,-3.783511675,37.7687618,548.45
588,-3.78346145,37.7687802,547.6
589,-3.783411225,37.7687986,546.75
590,-3.783361,37.768817,545.9
591,-3.7833404047619,37.7687758,545.742857142857
592,-3.78331980952381,37.7687346,545.585714285714
593,-3.78329921428571,37.7686934,545.428571428571
594,-3.78327861904762,37.7686522,545.271428571429
595,-3.78325802380952,37.768611,545.114285714286
596,-3.78323742857143,37.7685698,544.957142857143
597,-3.78321683333333,37.7685286,544.8
598,-3.78319623809524,37.7684874,544.642857142857
599,-3.78317564285714,37.7684462,544.485714285714
600,-3.78315504761905,37.768405,544.328571428571
601,-3.78313445238095,37.7683638,544.171428571429
602,-3.78311385714286,37.7683226,544.014285714286
603,-3.78309326190476,37.7682814,543.857142857143
604,-3.78307266666667,37.7682402,543.7
605,-3.78305207142857,37.768199,543.542857142857
606,-3.78303147619048,37.7681578,543.385714285714
607,-3.78301088095238,37.7681166,543.228571428572
608,-3.78299028571429,37.7680754,543.071428571429
609,-3.78296969047619,37.7680342,542.914285714286
610,-3.7829490952381,37.767993,542.757142857143
611,-3.7829285,37.7679518,542.6
612,-3.78296263333333,37.7679388,542.7
613,-3.78299676666667,37.7679258,542.8
614,-3.7830309,37.7679128,542.9
615,-3.7830859,37.76791205,542.95
616,-3.7831409,37.7679113,543
617,-3.7831959,37.76791055,543.05
618,-3.7832509,37.7679098,543.1
619,-3.78329967142857,37.7678943857143,543.042857142857
620,-3.78334844285714,37.7678789714286,542.985714285714
621,-3.78339721428571,37.7678635571429,542.928571428571
622,-3.78344598571429,37.7678481428571,542.871428571429
623,-3.78349475714286,37.7678327285714,542.814285714286
624,-3.78354352857143,37.7678173142857,542.757142857143
625,-3.7835923,37.7678019,542.7
626,-3.78362794,37.76776772,542.96
627,-3.78366358,37.76773354,543.22
628,-3.78369922,37.76769936,543.48
629,-3.78373486,37.76766518,543.74
630,-3.7837705,37.767631,544
631,-3.78378112,37.76758782,544.34
632,-3.78379174,37.76754464,544.68
633,-3.78380236,37.76750146,545.02
634,-3.78381298,37.76745828,545.36
635,-3.7838236,37.7674151,545.7
636,-3.78387123333333,37.7673924444444,546.344444444444
637,-3.78391886666667,37.7673697888889,546.988888888889
638,-3.7839665,37.7673471333333,547.633333333333
639,-3.78401413333333,37.7673244777778,548.277777777778
640,-3.78406176666667,37.7673018222222,548.922222222222
641,-3.7841094,37.7672791666667,549.566666666667
642,-3.78415703333333,37.7672565111111,550.211111111111
643,-3.78420466666667,37.7672338555556,550.855555555555
644,-3.7842523,37.7672112,551.5
645,-3.7843016,37.7672112,552.025
646,-3.7843509,37.7672112,552.55
647,-3.7844002,37.7672112,553.075
648,-3.7844495,37.7672112,553.6
649,-3.784456775,37.7671672166667,553.541666666667
650,-3.78446405,37.7671232333333,553.483333333333
651,-3.784471325,37.76707925,553.425
652,-3.7844786,37.7670352666667,553.366666666667
653,-3.784485875,37.7669912833333,553.308333333333
654,-3.78449315,37.7669473,553.25
655,-3.784500425,37.7669033166667,553.191666666667
656,-3.7845077,37.7668593333333,553.133333333333
657,-3.784514975,37.76681535,553.075
658,-3.78452225,37.7667713666667,553.016666666667
659,-3.784529525,37.7667273833333,552.958333333333
660,-3.7845368,37.7666834,552.9
661,-3.78454944166667,37.7666429166667,552.491666666667
662,-3.78456208333333,37.7666024333333,552.083333333333
663,-3.784574725,37.76656195,551.675
664,-3.78458736666667,37.7665214666667,551.266666666667
665,-3.78460000833333,37.7664809833333,550.858333333333
666,-3.78461265,37.7664405,550.45
667,-3.78462529166667,37.7664000166667,550.041666666667
668,-3.78463793333333,37.7663595333333,549.633333333333
669,-3.784650575,37.76631905,549.225
670,-3.78466321666667,37.7662785666667,548.816666666667
671,-3.78467585833333,37.7662380833333,548.408333333333
672,-3.7846885,37.7661976,548
673,-3.78471895,37.7661608694444,547.866666666667
674,-3.7847494,37.7661241388889,547.733333333333
675,-3.78477985,37.7660874083333,547.6
676,-3.7848103,37.7660506777778,547.466666666667
677,-3.78484075,37.7660139472222,547.333333333333
678,-3.7848712,37.7659772166667,547.2
679,-3.78490165,37.7659404861111,547.066666666667
680,-3.7849321,37.7659037555556,546.933333333333
681,-3.78496255,37.765867025,546.8
682,-3.784993,37.7658302944444,546.666666666667
683,-3.78502345,37.7657935638889,546.533333333333
684,-3.7850539,37.7657568333333,546.4
685,-3.78508435,37.7657201027778,546.266666666667
686,-3.7851148,37.7656833722222,546.133333333333
687,-3.78514525,37.7656466416667,546
688,-3.7851757,37.7656099111111,545.866666666667
689,-3.78520615,37.7655731805556,545.733333333333
690,-3.7852366,37.76553645,545.6
691,-3.78526705,37.7654997194444,545.466666666667
692,-3.7852975,37.7654629888889,545.333333333333
693,-3.78532795,37.7654262583333,545.2
694,-3.7853584,37.7653895277778,545.066666666667
695,-3.78538885,37.7653527972222,544.933333333333
696,-3.7854193,37.7653160666667,544.8
697,-3.78544975,37.7652793361111,544.666666666667
698,-3.7854802,37.7652426055556,544.533333333333
699,-3.78551065,37.765205875,544.4
700,-3.7855411,37.7651691444444,544.266666666667
701,-3.78557155,37.7651324138889,544.133333333333
702,-3.785602,37.7650956833333,544
703,-3.78563245,37.7650589527778,543.866666666667
704,-3.7856629,37.7650222222222,543.733333333333
705,-3.78569335,37.7649854916667,543.6
706,-3.7857238,37.7649487611111,543.466666666667
707,-3.78575425,37.7649120305555,543.333333333333
708,-3.7857847,37.7648753,543.2
709,-3.785810625,37.7648373166667,543.558333333333
710,-3.78583655,37.7647993333333,543.916666666667
711,-3.785862475,37.76476135,544.275
712,-3.7858884,37.7647233666667,544.633333333333
713,-3.785914325,37.7646853833333,544.991666666667
714,-3.78594025,37.7646474,545.35
715,-3.785966175,37.7646094166667,545.708333333333
716,-3.7859921,37.7645714333333,546.066666666667
717,-3.786018025,37.76453345,546.425
718,-3.78604395,37.7644954666667,546.783333333333
719,-3.786069875,37.7644574833333,547.141666666667
720,-3.7860958,37.7644195,547.5
721,-3.78613097272727,37.7643873272727,547.690909090909
722,-3.78616614545454,37.7643551545455,547.881818181818
723,-3.78620131818182,37.7643229818182,548.072727272727
724,-3.78623649090909,37.7642908090909,548.263636363636
725,-3.78627166363636,37.7642586363636,548.454545454545
726,-3.78630683636364,37.7642264636364,548.645454545455
727,-3.78634200909091,37.7641942909091,548.836363636364
728,-3.78637718181818,37.7641621181818,549.027272727273
729,-3.78641235454545,37.7641299454545,549.218181818182
730,-3.78644752727273,37.7640977727273,549.409090909091
731,-3.7864827,37.7640656,549.6
732,-3.7865293,37.7640433214286,549.542857142857
733,-3.7865759,37.7640210428572,549.485714285714
734,-3.7866225,37.7639987642857,549.428571428571
735,-3.7866691,37.7639764857143,549.371428571429
736,-3.7867157,37.7639542071429,549.314285714286
737,-3.7867623,37.7639319285714,549.257142857143
738,-3.7868089,37.76390965,549.2
739,-3.7868555,37.7638873714286,549.142857142857
740,-3.7869021,37.7638650928571,549.085714285714
741,-3.7869487,37.7638428142857,549.028571428571
742,-3.7869953,37.7638205357143,548.971428571429
743,-3.7870419,37.7637982571429,548.914285714286
744,-3.7870885,37.7637759785714,548.857142857143
745,-3.7871351,37.7637537,548.8
746,-3.78718669,37.76374471,549.15
747,-3.78723828,37.76373572,549.5
748,-3.78728987,37.76372673,549.85
749,-3.78734146,37.76371774,550.2
750,-3.78739305,37.76370875,550.55
751,-3.78744464,37.76369976,550.9
752,-3.78749623,37.76369077,551.25
753,-3.78754782,37.76368178,551.6
754,-3.78759941,37.76367279,551.95
755,-3.787651,37.7636638,552.3
756,-3.78770410769231,37.7636624153846,552.423076923077
757,-3.78775721538462,37.7636610307692,552.546153846154
758,-3.78781032307692,37.7636596461538,552.669230769231
759,-3.78786343076923,37.7636582615385,552.792307692308
760,-3.78791653846154,37.7636568769231,552.915384615385
761,-3.78796964615385,37.7636554923077,553.038461538462
762,-3.78802275384615,37.7636541076923,553.161538461538
763,-3.78807586153846,37.7636527230769,553.284615384615
764,-3.78812896923077,37.7636513384615,553.407692307692
765,-3.78818207692308,37.7636499538462,553.530769230769
766,-3.78823518461538,37.7636485692308,553.653846153846
767,-3.78828829230769,37.7636471846154,553.776923076923
768,-3.7883414,37.7636458,553.9
769,-3.78838908571429,37.7636261,553.714285714286
770,-3.78843677142857,37.7636064,553.528571428571
771,-3.78848445714286,37.7635867,553.342857142857
772,-3.78853214285714,37.763567,553.157142857143
773,-3.78857982857143,37.7635473,552.971428571429
774,-3.78862751428571,37.7635276,552.785714285714
775,-3.7886752,37.7635079,552.6
776,-3.78871161,37.76347911,552.81
777,-3.78874802,37.76345032,553.02
778,-3.78878443,37.76342153,553.23
779,-3.78882084,37.76339274,553.44
780,-3.78885725,37.76336395,553.65
781,-3.78889366,37.76333516,553.86
782,-3.78893007,37.76330637,554.07
783,-3.78896648,37.76327758,554.28
784,-3.78900289,37.76324879,554.49
785,-3.7890393,37.76322,554.7
786,-3.78906814,37.7631864,555.1
787,-3.78909698,37.7631528,555.5
788,-3.78912582,37.7631192,555.9
789,-3.78915466,37.7630856,556.3
790,-3.7891835,37.763052,556.7
791,-3.78917970625,37.76300926875,556.40625
792,-3.7891759125,37.7629665375,556.1125
793,-3.78917211875,37.76292380625,555.81875
794,-3.789168325,37.762881075,555.525
795,-3.78916453125,37.76283834375,555.23125
796,-3.7891607375,37.7627956125,554.9375
797,-3.78915694375,37.76275288125,554.64375
798,-3.78915315,37.76271015,554.35
799,-3.78914935625,37.76266741875,554.05625
800,-3.7891455625,37.7626246875,553.7625
801,-3.78914176875,37.76258195625,553.46875
802,-3.789137975,37.762539225,553.175
803,-3.78913418125,37.76249649375,552.88125
804,-3.7891303875,37.7624537625,552.5875
805,-3.78912659375,37.76241103125,552.29375
806,-3.7891228,37.7623683,552
807,-3.78917427857143,37.7623558785714,552.307142857143
808,-3.78922575714286,37.7623434571429,552.614285714286
809,-3.78927723571429,37.7623310357143,552.921428571429
810,-3.78932871428571,37.7623186142857,553.228571428571
811,-3.78938019285714,37.7623061928571,553.535714285714
812,-3.78943167142857,37.7622937714286,553.842857142857
813,-3.78948315,37.76228135,554.15
814,-3.78953462857143,37.7622689285714,554.457142857143
815,-3.78958610714286,37.7622565071429,554.764285714286
816,-3.78963758571429,37.7622440857143,555.071428571429
817,-3.78968906428571,37.7622316642857,555.378571428571
818,-3.78974054285714,37.7622192428571,555.685714285714
819,-3.78979202142857,37.7622068214286,555.992857142857
820,-3.7898435,37.7621944,556.3
821,-3.78989470833333,37.7621869,556.45
822,-3.78994591666667,37.7621794,556.6
823,-3.789997125,37.7621719,556.75
824,-3.79004833333333,37.7621644,556.9
825,-3.79009954166667,37.7621569,557.05
826,-3.79015075,37.7621494,557.2
827,-3.79020195833333,37.7621419,557.35
828,-3.79025316666667,37.7621344,557.5
829,-3.790304375,37.7621269,557.65
830,-3.79035558333333,37.7621194,557.8
831,-3.79040679166667,37.7621119,557.95
832,-3.790458,37.7621044,558.1
833,-3.79051408571429,37.7621050428571,558.517857142857
834,-3.79057017142857,37.7621056857143,558.935714285714
835,-3.79062625714286,37.7621063285714,559.353571428572
836,-3.79068234285714,37.7621069714286,559.771428571429
837,-3.79073842857143,37.7621076142857,560.189285714286
838,-3.79079451428571,37.7621082571429,560.607142857143
839,-3.7908506,37.7621089,561.025
840,-3.79090668571429,37.7621095428571,561.442857142857
841,-3.79096277142857,37.7621101857143,561.860714285714
842,-3.79101885714286,37.7621108285714,562.278571428571
843,-3.79107494285714,37.7621114714286,562.696428571429
844,-3.79113102857143,37.7621121142857,563.114285714286
845,-3.79118711428571,37.7621127571429,563.532142857143
846,-3.7912432,37.7621134,563.95
847,-3.79129928571429,37.7621140428571,564.367857142857
848,-3.79135537142857,37.7621146857143,564.785714285714
849,-3.79141145714286,37.7621153285714,565.203571428572
850,-3.79146754285714,37.7621159714286,565.621428571429
851,-3.79152362857143,37.7621166142857,566.039285714286
852,-3.79157971428571,37.7621172571429,566.457142857143
853,-3.7916358,37.7621179,566.875
854,-3.79169188571429,37.7621185428571,567.292857142857
855,-3.79174797142857,37.7621191857143,567.710714285714
856,-3.79180405714286,37.7621198285714,568.128571428571
857,-3.79186014285714,37.7621204714286,568.546428571429
858,-3.79191622857143,37.7621211142857,568.964285714286
859,-3.79197231428571,37.7621217571429,569.382142857143
860,-3.7920284,37.7621224,569.8
861,-3.79208448571429,37.7621230428571,570.217857142857
862,-3.79214057142857,37.7621236857143,570.635714285714
863,-3.79219665714286,37.7621243285714,571.053571428571
864,-3.79225274285714,37.7621249714286,571.471428571429
865,-3.79230882857143,37.7621256142857,571.889285714286
866,-3.79236491428571,37.7621262571429,572.307142857143
867,-3.792421,37.7621269,572.725
868,-3.79247708571429,37.7621275428571,573.142857142857
869,-3.79253317142857,37.7621281857143,573.560714285714
870,-3.79258925714286,37.7621288285714,573.978571428572
871,-3.79264534285714,37.7621294714286,574.396428571429
872,-3.79270142857143,37.7621301142857,574.814285714286
873,-3.79275751428571,37.7621307571429,575.232142857143
874,-3.7928136,37.7621314,575.65
875,-3.79286968571429,37.7621320428571,576.067857142857
876,-3.79292577142857,37.7621326857143,576.485714285714
877,-3.79298185714286,37.7621333285714,576.903571428571
878,-3.79303794285714,37.7621339714286,577.321428571429
879,-3.79309402857143,37.7621346142857,577.739285714286
880,-3.79315011428571,37.7621352571429,578.157142857143
881,-3.7932062,37.7621359,578.575
882,-3.79326228571429,37.7621365428571,578.992857142857
883,-3.79331837142857,37.7621371857143,579.410714285714
884,-3.79337445714286,37.7621378285714,579.828571428571
885,-3.79343054285714,37.7621384714286,580.246428571429
886,-3.79348662857143,37.7621391142857,580.664285714286
887,-3.79354271428571,37.7621397571429,581.082142857143
888,-3.7935988,37.7621404,581.5
889,-3.79365488571429,37.7621410428571,581.917857142857
890,-3.79371097142857,37.7621416857143,582.335714285714
891,-3.79376705714286,37.7621423285714,582.753571428571
892,-3.79382314285714,37.7621429714286,583.171428571429
893,-3.79387922857143,37.7621436142857,583.589285714286
894,-3.79393531428571,37.7621442571429,584.007142857143
895,-3.7939914,37.7621449,584.425
896,-3.79404748571429,37.7621455428571,584.842857142857
897,-3.79410357142857,37.7621461857143,585.260714285714
898,-3.79415965714286,37.7621468285714,585.678571428571
899,-3.79421574285714,37.7621474714286,586.096428571429
900,-3.79427182857143,37.7621481142857,586.514285714286
901,-3.79432791428571,37.7621487571429,586.932142857143
902,-3.794384,37.7621494,587.35
903,-3.79444008571429,37.7621500428571,587.767857142857
904,-3.79449617142857,37.7621506857143,588.185714285714
905,-3.79455225714286,37.7621513285714,588.603571428572
906,-3.79460834285714,37.7621519714286,589.021428571429
907,-3.79466442857143,37.7621526142857,589.439285714286
908,-3.79472051428571,37.7621532571429,589.857142857143
909,-3.7947766,37.7621539,590.275
910,-3.79483268571429,37.7621545428571,590.692857142857
911,-3.79488877142857,37.7621551857143,591.110714285714
912,-3.79494485714286,37.7621558285714,591.528571428571
913,-3.79500094285714,37.7621564714286,591.946428571429
914,-3.79505702857143,37.7621571142857,592.364285714286
915,-3.79511311428571,37.7621577571429,592.782142857143
916,-3.7951692,37.7621584,593.2
917,-3.7952046,37.7621923833333,593.65
918,-3.79524,37.7622263666667,594.1
919,-3.7952754,37.76226035,594.55
920,-3.7953108,37.7622943333333,595
921,-3.7953462,37.7623283166667,595.45
922,-3.7953816,37.7623623,595.9
923,-3.79534417333333,37.7623934866667,595.846666666667
924,-3.79530674666667,37.7624246733333,595.793333333333
925,-3.79526932,37.76245586,595.74
926,-3.79523189333333,37.7624870466667,595.686666666667
927,-3.79519446666667,37.7625182333333,595.633333333333
928,-3.79515704,37.76254942,595.58
929,-3.79511961333333,37.7625806066667,595.526666666667
930,-3.79508218666667,37.7626117933333,595.473333333333
931,-3.79504476,37.76264298,595.42
932,-3.79500733333333,37.7626741666667,595.366666666667
933,-3.79496990666667,37.7627053533333,595.313333333333
934,-3.79493248,37.76273654,595.26
935,-3.79489505333333,37.7627677266667,595.206666666667
936,-3.79485762666667,37.7627989133333,595.153333333333
937,-3.7948202,37.7628301,595.1
938,-3.79477792857143,37.7628601,594.885714285714
939,-3.79473565714286,37.7628901,594.671428571429
940,-3.79469338571429,37.7629201,594.457142857143
941,-3.79465111428571,37.7629501,594.242857142857
942,-3.79460884285714,37.7629801,594.028571428571
943,-3.79456657142857,37.7630101,593.814285714286
944,-3.7945243,37.7630401,593.6
945,-3.79446855652174,37.7630427043478,593.273913043478
946,-3.79441281304348,37.7630453086957,592.947826086957
947,-3.79435706956522,37.7630479130435,592.621739130435
948,-3.79430132608696,37.7630505173913,592.295652173913
949,-3.7942455826087,37.7630531217391,591.969565217391
950,-3.79418983913043,37.763055726087,591.64347826087
951,-3.79413409565217,37.7630583304348,591.317391304348
952,-3.79407835217391,37.7630609347826,590.991304347826
953,-3.79402260869565,37.7630635391304,590.665217391304
954,-3.79396686521739,37.7630661434783,590.339130434783
955,-3.79391112173913,37.7630687478261,590.013043478261
956,-3.79385537826087,37.7630713521739,589.686956521739
957,-3.79379963478261,37.7630739565217,589.360869565217
958,-3.79374389130435,37.7630765608696,589.034782608696
959,-3.79368814782609,37.7630791652174,588.708695652174
960,-3.79363240434783,37.7630817695652,588.382608695652
961,-3.79357666086957,37.763084373913,588.056521739131
962,-3.7935209173913,37.7630869782609,587.730434782609
963,-3.79346517391304,37.7630895826087,587.404347826087
964,-3.79340943043478,37.7630921869565,587.078260869565
965,-3.79335368695652,37.7630947913043,586.752173913044
966,-3.79329794347826,37.7630973956522,586.426086956522
967,-3.7932422,37.7631,586.1
968,-3.79318909473684,37.7631075789474,585.873684210526
969,-3.79313598947368,37.7631151578947,585.647368421053
970,-3.79308288421053,37.7631227368421,585.421052631579
971,-3.79302977894737,37.7631303157895,585.194736842105
972,-3.79297667368421,37.7631378947368,584.968421052632
973,-3.79292356842105,37.7631454736842,584.742105263158
974,-3.79287046315789,37.7631530526316,584.515789473684
975,-3.79281735789474,37.7631606315789,584.289473684211
976,-3.79276425263158,37.7631682105263,584.063157894737
977,-3.79271114736842,37.7631757894737,583.836842105263
978,-3.79265804210526,37.7631833684211,583.610526315789
979,-3.79260493684211,37.7631909473684,583.384210526316
980,-3.79255183157895,37.7631985263158,583.157894736842
981,-3.79249872631579,37.7632061052632,582.931578947368
982,-3.79244562105263,37.7632136842105,582.705263157895
983,-3.79239251578947,37.7632212631579,582.478947368421
984,-3.79233941052632,37.7632288421053,582.252631578947
985,-3.79228630526316,37.7632364210526,582.026315789474
986,-3.7922332,37.763244,581.8
987,-3.79219364285714,37.7632759142857,581.9
988,-3.79215408571429,37.7633078285714,582
989,-3.79211452857143,37.7633397428571,582.1
990,-3.79207497142857,37.7633716571429,582.2
991,-3.79203541428571,37.7634035714286,582.3
992,-3.79199585714286,37.7634354857143,582.4
993,-3.7919563,37.7634674,582.5
994,-3.79191674285714,37.7634993142857,582.6
995,-3.79187718571429,37.7635312285714,582.7
996,-3.79183762857143,37.7635631428571,582.8
997,-3.79179807142857,37.7635950571429,582.9
998,-3.79175851428571,37.7636269714286,583
999,-3.79171895714286,37.7636588857143,583.1
1000,-3.7916794,37.7636908,583.2
1001,-3.79163984285714,37.7637227142857,583.3
1002,-3.79160028571429,37.7637546285714,583.4
1003,-3.79156072857143,37.7637865428571,583.5
1004,-3.79152117142857,37.7638184571429,583.6
1005,-3.79148161428571,37.7638503714286,583.7
1006,-3.79144205714286,37.7638822857143,583.8
1007,-3.7914025,37.7639142,583.9
1008,-3.79136294285714,37.7639461142857,584
1009,-3.79132338571429,37.7639780285714,584.1
1010,-3.79128382857143,37.7640099428571,584.2
1011,-3.79124427142857,37.7640418571428,584.3
1012,-3.79120471428571,37.7640737714286,584.4
1013,-3.79116515714286,37.7641056857143,584.5
1014,-3.7911256,37.7641376,584.6
1015,-3.79108241538462,37.7641634307692,584.130769230769
1016,-3.79103923076923,37.7641892615385,583.661538461538
1017,-3.79099604615385,37.7642150923077,583.192307692308
1018,-3.79095286153846,37.7642409230769,582.723076923077
1019,-3.79090967692308,37.7642667538462,582.253846153846
1020,-3.79086649230769,37.7642925846154,581.784615384615
1021,-3.79082330769231,37.7643184153846,581.315384615385
1022,-3.79078012307692,37.7643442461538,580.846153846154
1023,-3.79073693846154,37.7643700769231,580.376923076923
1024,-3.79069375384615,37.7643959076923,579.907692307692
1025,-3.79065056923077,37.7644217384615,579.438461538462
1026,-3.79060738461538,37.7644475692308,578.969230769231
1027,-3.7905642,37.7644734,578.5
1028,-3.79058428235294,37.7645143235294,578.8
1029,-3.79060436470588,37.7645552470588,579.1
1030,-3.79062444705882,37.7645961705882,579.4
1031,-3.79064452941176,37.7646370941176,579.7
1032,-3.79066461176471,37.7646780176471,580
1033,-3.79068469411765,37.7647189411765,580.3
1034,-3.79070477647059,37.7647598647059,580.6
1035,-3.79072485882353,37.7648007882353,580.9
1036,-3.79074494117647,37.7648417117647,581.2
1037,-3.79076502352941,37.7648826352941,581.5
1038,-3.79078510588235,37.7649235588235,581.8
1039,-3.79080518823529,37.7649644823529,582.1
1040,-3.79082527058824,37.7650054058824,582.4
1041,-3.79084535294118,37.7650463294118,582.7
1042,-3.79086543529412,37.7650872529412,583
1043,-3.79088551764706,37.7651281764706,583.3
1044,-3.7909056,37.7651691,583.6
1045,-3.79085474074074,37.7651879814815,583.414814814815
1046,-3.79080388148148,37.765206862963,583.22962962963
1047,-3.79075302222222,37.7652257444444,583.044444444444
1048,-3.79070216296296,37.7652446259259,582.859259259259
1049,-3.7906513037037,37.7652635074074,582.674074074074
1050,-3.79060044444444,37.7652823888889,582.488888888889
1051,-3.79054958518519,37.7653012703704,582.303703703704
1052,-3.79049872592593,37.7653201518519,582.118518518519
1053,-3.79044786666667,37.7653390333333,581.933333333333
1054,-3.79039700740741,37.7653579148148,581.748148148148
1055,-3.79034614814815,37.7653767962963,581.562962962963
1056,-3.79029528888889,37.7653956777778,581.377777777778
1057,-3.79024442962963,37.7654145592593,581.192592592593
1058,-3.79019357037037,37.7654334407407,581.007407407408
1059,-3.79014271111111,37.7654523222222,580.822222222222
1060,-3.79009185185185,37.7654712037037,580.637037037037
1061,-3.79004099259259,37.7654900851852,580.451851851852
1062,-3.78999013333333,37.7655089666667,580.266666666667
1063,-3.78993927407407,37.7655278481481,580.081481481481
1064,-3.78988841481481,37.7655467296296,579.896296296296
1065,-3.78983755555556,37.7655656111111,579.711111111111
1066,-3.7897866962963,37.7655844925926,579.525925925926
1067,-3.78973583703704,37.7656033740741,579.340740740741
1068,-3.78968497777778,37.7656222555556,579.155555555556
1069,-3.78963411851852,37.765641137037,578.97037037037
1070,-3.78958325925926,37.7656600185185,578.785185185185
1071,-3.7895324,37.7656789,578.6
1072,-3.789487792,37.765706246,578.396
1073,-3.789443184,37.765733592,578.192
1074,-3.789398576,37.765760938,577.988
1075,-3.789353968,37.765788284,577.784
1076,-3.78930936,37.76581563,577.58
1077,-3.789264752,37.765842976,577.376
1078,-3.789220144,37.765870322,577.172
1079,-3.789175536,37.765897668,576.968
1080,-3.789130928,37.765925014,576.764
1081,-3.78908632,37.76595236,576.56
1082,-3.789041712,37.765979706,576.356
1083,-3.788997104,37.766007052,576.152
1084,-3.788952496,37.766034398,575.948
1085,-3.788907888,37.766061744,575.744
1086,-3.78886328,37.76608909,575.54
1087,-3.788818672,37.766116436,575.336
1088,-3.788774064,37.766143782,575.132
1089,-3.788729456,37.766171128,574.928
1090,-3.788684848,37.766198474,574.724
1091,-3.78864024,37.76622582,574.52
1092,-3.788595632,37.766253166,574.316
1093,-3.788551024,37.766280512,574.112
1094,-3.788506416,37.766307858,573.908
1095,-3.788461808,37.766335204,573.704
1096,-3.7884172,37.76636255,573.5
1097,-3.788372592,37.766389896,573.296
1098,-3.788327984,37.766417242,573.092
1099,-3.788283376,37.766444588,572.888
1100,-3.788238768,37.766471934,572.684
1101,-3.78819416,37.76649928,572.48
1102,-3.788149552,37.766526626,572.276
1103,-3.788104944,37.766553972,572.072
1104,-3.788060336,37.766581318,571.868
1105,-3.788015728,37.766608664,571.664
1106,-3.78797112,37.76663601,571.46
1107,-3.787926512,37.766663356,571.256
1108,-3.787881904,37.766690702,571.052
1109,-3.787837296,37.766718048,570.848
1110,-3.787792688,37.766745394,570.644
1111,-3.78774808,37.76677274,570.44
1112,-3.787703472,37.766800086,570.236
1113,-3.787658864,37.766827432,570.032
1114,-3.787614256,37.766854778,569.828
1115,-3.787569648,37.766882124,569.624
1116,-3.78752504,37.76690947,569.42
1117,-3.787480432,37.766936816,569.216
1118,-3.787435824,37.766964162,569.012
1119,-3.787391216,37.766991508,568.808
1120,-3.787346608,37.767018854,568.604
1121,-3.787302,37.7670462,568.4
1122,-3.78730467647059,37.7670892411765,567.611764705882
1123,-3.78730735294118,37.7671322823529,566.823529411765
1124,-3.78731002941176,37.7671753235294,566.035294117647
1125,-3.78731270588235,37.7672183647059,565.247058823529
1126,-3.78731538235294,37.7672614058824,564.458823529412
1127,-3.78731805882353,37.7673044470588,563.670588235294
1128,-3.78732073529412,37.7673474882353,562.882352941176
1129,-3.78732341176471,37.7673905294118,562.094117647059
1130,-3.78732608823529,37.7674335705882,561.305882352941
1131,-3.78732876470588,37.7674766117647,560.517647058824
1132,-3.78733144117647,37.7675196529412,559.729411764706
1133,-3.78733411764706,37.7675626941177,558.941176470588
1134,-3.78733679411765,37.7676057352941,558.152941176471
1135,-3.78733947058824,37.7676487764706,557.364705882353
1136,-3.78734214705882,37.7676918176471,556.576470588235
1137,-3.78734482352941,37.7677348588235,555.788235294118
1138,-3.7873475,37.7677779,555
1139,-3.78732695416667,37.7678196291667,555.266666666667
1140,-3.78730640833333,37.7678613583333,555.533333333333
1141,-3.7872858625,37.7679030875,555.8
1142,-3.78726531666667,37.7679448166667,556.066666666667
1143,-3.78724477083333,37.7679865458333,556.333333333333
1144,-3.787224225,37.768028275,556.6
1145,-3.78720367916667,37.7680700041667,556.866666666667
1146,-3.78718313333333,37.7681117333333,557.133333333333
1147,-3.7871625875,37.7681534625,557.4
1148,-3.78714204166667,37.7681951916667,557.666666666667
1149,-3.78712149583333,37.7682369208333,557.933333333333
1150,-3.78710095,37.76827865,558.2
1151,-3.78708040416667,37.7683203791667,558.466666666667
1152,-3.78705985833333,37.7683621083333,558.733333333333
1153,-3.7870393125,37.7684038375,559
1154,-3.78701876666667,37.7684455666667,559.266666666667
1155,-3.78699822083333,37.7684872958333,559.533333333333
1156,-3.786977675,37.768529025,559.8
1157,-3.78695712916667,37.7685707541667,560.066666666667
1158,-3.78693658333333,37.7686124833333,560.333333333333
1159,-3.7869160375,37.7686542125,560.6
1160,-3.78689549166667,37.7686959416667,560.866666666667
1161,-3.78687494583333,37.7687376708333,561.133333333333
1162,-3.7868544,37.7687794,561.4
1163,-3.78690988627451,37.7687866901961,561.309803921569
1164,-3.78696537254902,37.7687939803922,561.219607843137
1165,-3.78702085882353,37.7688012705882,561.129411764706
1166,-3.78707634509804,37.7688085607843,561.039215686274
1167,-3.78713183137255,37.7688158509804,560.949019607843
1168,-3.78718731764706,37.7688231411765,560.858823529412
1169,-3.78724280392157,37.7688304313725,560.76862745098
1170,-3.78729829019608,37.7688377215686,560.678431372549
1171,-3.78735377647059,37.7688450117647,560.588235294118
1172,-3.7874092627451,37.7688523019608,560.498039215686
1173,-3.78746474901961,37.7688595921569,560.407843137255
1174,-3.78752023529412,37.7688668823529,560.317647058823
1175,-3.78757572156863,37.768874172549,560.227450980392
1176,-3.78763120784314,37.7688814627451,560.137254901961
1177,-3.78768669411765,37.7688887529412,560.047058823529
1178,-3.78774218039216,37.7688960431373,559.956862745098
1179,-3.78779766666667,37.7689033333333,559.866666666667
1180,-3.78785315294118,37.7689106235294,559.776470588235
1181,-3.78790863921569,37.7689179137255,559.686274509804
1182,-3.7879641254902,37.7689252039216,559.596078431373
1183,-3.78801961176471,37.7689324941176,559.505882352941
1184,-3.78807509803922,37.7689397843137,559.41568627451
1185,-3.78813058431373,37.7689470745098,559.325490196078
1186,-3.78818607058824,37.7689543647059,559.235294117647
1187,-3.78824155686274,37.768961654902,559.145098039216
1188,-3.78829704313725,37.768968945098,559.054901960784
1189,-3.78835252941176,37.7689762352941,558.964705882353
1190,-3.78840801568627,37.7689835254902,558.874509803921
1191,-3.78846350196078,37.7689908156863,558.78431372549
1192,-3.78851898823529,37.7689981058824,558.694117647059
1193,-3.7885744745098,37.7690053960784,558.603921568627
1194,-3.78862996078431,37.7690126862745,558.513725490196
1195,-3.78868544705882,37.7690199764706,558.423529411765
1196,-3.78874093333333,37.7690272666667,558.333333333333
1197,-3.78879641960784,37.7690345568627,558.243137254902
1198,-3.78885190588235,37.7690418470588,558.152941176471
1199,-3.78890739215686,37.7690491372549,558.062745098039
1200,-3.78896287843137,37.769056427451,557.972549019608
1201,-3.78901836470588,37.7690637176471,557.882352941176
1202,-3.78907385098039,37.7690710078431,557.792156862745
1203,-3.7891293372549,37.7690782980392,557.701960784314
1204,-3.78918482352941,37.7690855882353,557.611764705882
1205,-3.78924030980392,37.7690928784314,557.521568627451
1206,-3.78929579607843,37.7691001686275,557.43137254902
1207,-3.78935128235294,37.7691074588235,557.341176470588
1208,-3.78940676862745,37.7691147490196,557.250980392157
1209,-3.78946225490196,37.7691220392157,557.160784313725
1210,-3.78951774117647,37.7691293294118,557.070588235294
1211,-3.78957322745098,37.7691366196078,556.980392156863
1212,-3.78962871372549,37.7691439098039,556.890196078431
1213,-3.7896842,37.7691512,556.8
1214,-3.78972572631579,37.7691802368421,556.947368421053
1215,-3.78976725263158,37.7692092736842,557.094736842105
1216,-3.78980877894737,37.7692383105263,557.242105263158
1217,-3.78985030526316,37.7692673473684,557.389473684211
1218,-3.78989183157895,37.7692963842105,557.536842105263
1219,-3.78993335789474,37.7693254210526,557.684210526316
1220,-3.78997488421053,37.7693544578947,557.831578947368
1221,-3.79001641052632,37.7693834947368,557.978947368421
1222,-3.79005793684211,37.769412531579,558.126315789474
1223,-3.79009946315789,37.7694415684211,558.273684210526
1224,-3.79014098947368,37.7694706052632,558.421052631579
1225,-3.79018251578947,37.7694996421053,558.568421052631
1226,-3.79022404210526,37.7695286789474,558.715789473684
1227,-3.79026556842105,37.7695577157895,558.863157894737
1228,-3.79030709473684,37.7695867526316,559.01052631579
1229,-3.79034862105263,37.7696157894737,559.157894736842
1230,-3.79039014736842,37.7696448263158,559.305263157895
1231,-3.79043167368421,37.7696738631579,559.452631578947
1232,-3.7904732,37.7697029,559.6
1233,-3.79049181818182,37.7697448772727,559.418181818182
1234,-3.79051043636364,37.7697868545455,559.236363636364
1235,-3.79052905454545,37.7698288318182,559.054545454546
1236,-3.79054767272727,37.7698708090909,558.872727272727
1237,-3.79056629090909,37.7699127863636,558.690909090909
1238,-3.79058490909091,37.7699547636364,558.509090909091
1239,-3.79060352727273,37.7699967409091,558.327272727273
1240,-3.79062214545455,37.7700387181818,558.145454545455
1241,-3.79064076363636,37.7700806954545,557.963636363636
1242,-3.79065938181818,37.7701226727273,557.781818181818
1243,-3.790678,37.77016465,557.6
1244,-3.79069661818182,37.7702066272727,557.418181818182
1245,-3.79071523636364,37.7702486045455,557.236363636364
1246,-3.79073385454545,37.7702905818182,557.054545454545
1247,-3.79075247272727,37.7703325590909,556.872727272727
1248,-3.79077109090909,37.7703745363636,556.690909090909
1249,-3.79078970909091,37.7704165136364,556.509090909091
1250,-3.79080832727273,37.7704584909091,556.327272727273
1251,-3.79082694545455,37.7705004681818,556.145454545455
1252,-3.79084556363636,37.7705424454545,555.963636363636
1253,-3.79086418181818,37.7705844227273,555.781818181818
1254,-3.7908828,37.7706264,555.6
1255,-3.79091760980392,37.7706613235294,555.733333333333
1256,-3.79095241960784,37.7706962470588,555.866666666667
1257,-3.79098722941176,37.7707311705882,556
1258,-3.79102203921569,37.7707660941176,556.133333333333
1259,-3.79105684901961,37.7708010176471,556.266666666667
1260,-3.79109165882353,37.7708359411765,556.4
1261,-3.79112646862745,37.7708708647059,556.533333333333
1262,-3.79116127843137,37.7709057882353,556.666666666667
1263,-3.79119608823529,37.7709407117647,556.8
1264,-3.79123089803922,37.7709756352941,556.933333333333
1265,-3.79126570784314,37.7710105588235,557.066666666667
1266,-3.79130051764706,37.7710454823529,557.2
1267,-3.79133532745098,37.7710804058824,557.333333333333
1268,-3.7913701372549,37.7711153294118,557.466666666667
1269,-3.79140494705882,37.7711502529412,557.6
1270,-3.79143975686275,37.7711851764706,557.733333333333
1271,-3.79147456666667,37.7712201,557.866666666667
1272,-3.79150937647059,37.7712550235294,558
1273,-3.79154418627451,37.7712899470588,558.133333333333
1274,-3.79157899607843,37.7713248705882,558.266666666667
1275,-3.79161380588235,37.7713597941176,558.4
1276,-3.79164861568627,37.7713947176471,558.533333333333
1277,-3.7916834254902,37.7714296411765,558.666666666667
1278,-3.79171823529412,37.7714645647059,558.8
1279,-3.79175304509804,37.7714994882353,558.933333333333
1280,-3.79178785490196,37.7715344117647,559.066666666667
1281,-3.79182266470588,37.7715693352941,559.2
1282,-3.7918574745098,37.7716042588235,559.333333333333
1283,-3.79189228431373,37.7716391823529,559.466666666667
1284,-3.79192709411765,37.7716741058824,559.6
1285,-3.79196190392157,37.7717090294118,559.733333333333
1286,-3.79199671372549,37.7717439529412,559.866666666667
1287,-3.79203152352941,37.7717788764706,560
1288,-3.79206633333333,37.7718138,560.133333333333
1289,-3.79210114313725,37.7718487235294,560.266666666667
1290,-3.79213595294118,37.7718836470588,560.4
1291,-3.7921707627451,37.7719185705882,560.533333333333
1292,-3.79220557254902,37.7719534941176,560.666666666667
1293,-3.79224038235294,37.7719884176471,560.8
1294,-3.79227519215686,37.7720233411765,560.933333333333
1295,-3.79231000196078,37.7720582647059,561.066666666667
1296,-3.79234481176471,37.7720931882353,561.2
1297,-3.79237962156863,37.7721281117647,561.333333333333
1298,-3.79241443137255,37.7721630352941,561.466666666667
1299,-3.79244924117647,37.7721979588235,561.6
1300,-3.79248405098039,37.7722328823529,561.733333333333
1301,-3.79251886078431,37.7722678058824,561.866666666667
1302,-3.79255367058824,37.7723027294118,562
1303,-3.79258848039216,37.7723376529412,562.133333333333
1304,-3.79262329019608,37.7723725764706,562.266666666667
1305,-3.7926581,37.7724075,562.4
1306,-3.792680855,37.772447375,562.31
1307,-3.79270361,37.77248725,562.22
1308,-3.792726365,37.772527125,562.13
1309,-3.79274912,37.772567,562.04
1310,-3.792771875,37.772606875,561.95
1311,-3.79279463,37.77264675,561.86
1312,-3.792817385,37.772686625,561.77
1313,-3.79284014,37.7727265,561.68
1314,-3.792862895,37.772766375,561.59
1315,-3.79288565,37.77280625,561.5
1316,-3.792908405,37.772846125,561.41
1317,-3.79293116,37.772886,561.32
1318,-3.792953915,37.772925875,561.23
1319,-3.79297667,37.77296575,561.14
1320,-3.792999425,37.773005625,561.05
1321,-3.79302218,37.7730455,560.96
1322,-3.793044935,37.773085375,560.87
1323,-3.79306769,37.77312525,560.78
1324,-3.793090445,37.773165125,560.69
1325,-3.7931132,37.773205,560.6
1326,-3.793150755,37.7732379825,560.4475
1327,-3.79318831,37.773270965,560.295
1328,-3.793225865,37.7733039475,560.1425
1329,-3.79326342,37.77333693,559.99
1330,-3.793300975,37.7733699125,559.8375
1331,-3.79333853,37.773402895,559.685
1332,-3.793376085,37.7734358775,559.5325
1333,-3.79341364,37.77346886,559.38
1334,-3.793451195,37.7735018425,559.2275
1335,-3.79348875,37.773534825,559.075
1336,-3.793526305,37.7735678075,558.9225
1337,-3.79356386,37.77360079,558.77
1338,-3.793601415,37.7736337725,558.6175
1339,-3.79363897,37.773666755,558.465
1340,-3.793676525,37.7736997375,558.3125
1341,-3.79371408,37.77373272,558.16
1342,-3.793751635,37.7737657025,558.0075
1343,-3.79378919,37.773798685,557.855
1344,-3.793826745,37.7738316675,557.7025
1345,-3.7938643,37.77386465,557.55
1346,-3.793901855,37.7738976325,557.3975
1347,-3.79393941,37.773930615,557.245
1348,-3.793976965,37.7739635975,557.0925
1349,-3.79401452,37.77399658,556.94
1350,-3.794052075,37.7740295625,556.7875
1351,-3.79408963,37.774062545,556.635
1352,-3.794127185,37.7740955275,556.4825
1353,-3.79416474,37.77412851,556.33
1354,-3.794202295,37.7741614925,556.1775
1355,-3.79423985,37.774194475,556.025
1356,-3.794277405,37.7742274575,555.8725
1357,-3.79431496,37.77426044,555.72
1358,-3.794352515,37.7742934225,555.5675
1359,-3.79439007,37.774326405,555.415
1360,-3.794427625,37.7743593875,555.2625
1361,-3.79446518,37.77439237,555.11
1362,-3.794502735,37.7744253525,554.9575
1363,-3.79454029,37.774458335,554.805
1364,-3.794577845,37.7744913175,554.6525
1365,-3.7946154,37.7745243,554.5
1366,-3.79465957777778,37.7745492666667,554.444444444444
1367,-3.79470375555556,37.7745742333333,554.388888888889
1368,-3.79474793333333,37.7745992,554.333333333333
1369,-3.79479211111111,37.7746241666667,554.277777777778
1370,-3.79483628888889,37.7746491333333,554.222222222222
1371,-3.79488046666667,37.7746741,554.166666666667
1372,-3.79492464444444,37.7746990666667,554.111111111111
1373,-3.79496882222222,37.7747240333333,554.055555555556
1374,-3.795013,37.774749,554
1375,-3.795044,37.774765,549.3
1376,-3.7950886,37.7747804,549.14
1377,-3.7951332,37.7747958,548.98
1378,-3.7951778,37.7748112,548.82
1379,-3.7952224,37.7748266,548.66
1380,-3.795267,37.774842,548.5
1381,-3.7953126,37.774856,548.46
1382,-3.7953582,37.77487,548.42
1383,-3.7954038,37.774884,548.38
1384,-3.7954494,37.774898,548.34
1385,-3.795495,37.774912,548.3
1386,-3.79554877777778,37.7749263333333,548.1
1387,-3.79560255555556,37.7749406666667,547.9
1388,-3.79565633333333,37.774955,547.7
1389,-3.79571011111111,37.7749693333333,547.5
1390,-3.79576388888889,37.7749836666667,547.3
1391,-3.79581766666667,37.774998,547.1
1392,-3.79587144444444,37.7750123333333,546.9
1393,-3.79592522222222,37.7750266666667,546.7
1394,-3.795979,37.775041,546.5
1395,-3.79602958333333,37.7750546666667,546.083333333333
1396,-3.79608016666667,37.7750683333333,545.666666666667
1397,-3.79613075,37.775082,545.25
1398,-3.79618133333333,37.7750956666667,544.833333333333
1399,-3.79623191666667,37.7751093333333,544.416666666667
1400,-3.7962825,37.775123,544
1401,-3.79633308333333,37.7751366666667,543.583333333333
1402,-3.79638366666667,37.7751503333333,543.166666666667
1403,-3.79643425,37.775164,542.75
1404,-3.79648483333333,37.7751776666667,542.333333333333
1405,-3.79653541666667,37.7751913333333,541.916666666667
1406,-3.796586,37.775205,541.5
1407,-3.79663383333333,37.7752196666667,541.383333333333
1408,-3.79668166666667,37.7752343333333,541.266666666667
1409,-3.7967295,37.775249,541.15
1410,-3.79677733333333,37.7752636666667,541.033333333333
1411,-3.79682516666667,37.7752783333333,540.916666666667
1412,-3.796873,37.775293,540.8
1413,-3.79692511538462,37.7753078076923,540.723076923077
1414,-3.79697723076923,37.7753226153846,540.646153846154
1415,-3.79702934615385,37.7753374230769,540.569230769231
1416,-3.79708146153846,37.7753522307692,540.492307692308
1417,-3.79713357692308,37.7753670384615,540.415384615385
1418,-3.79718569230769,37.7753818461538,540.338461538462
1419,-3.79723780769231,37.7753966538462,540.261538461538
1420,-3.79728992307692,37.7754114615385,540.184615384615
1421,-3.79734203846154,37.7754262692308,540.107692307692
1422,-3.79739415384615,37.7754410769231,540.030769230769
1423,-3.79744626923077,37.7754558846154,539.953846153846
1424,-3.79749838461538,37.7754706923077,539.876923076923
1425,-3.7975505,37.7754855,539.8
1426,-3.79760261538462,37.7755003076923,539.723076923077
1427,-3.79765473076923,37.7755151153846,539.646153846154
1428,-3.79770684615385,37.7755299230769,539.569230769231
1429,-3.79775896153846,37.7755447307692,539.492307692308
1430,-3.79781107692308,37.7755595384615,539.415384615385
1431,-3.79786319230769,37.7755743461538,539.338461538462
1432,-3.79791530769231,37.7755891538462,539.261538461538
1433,-3.79796742307692,37.7756039615385,539.184615384615
1434,-3.79801953846154,37.7756187692308,539.107692307692
1435,-3.79807165384615,37.7756335769231,539.030769230769
1436,-3.79812376923077,37.7756483846154,538.953846153846
1437,-3.79817588461538,37.7756631923077,538.876923076923
1438,-3.798228,37.775678,538.8
1439,-3.79828185714286,37.7756888571429,538.471428571429
1440,-3.79833571428571,37.7756997142857,538.142857142857
1441,-3.79838957142857,37.7757105714286,537.814285714286
1442,-3.79844342857143,37.7757214285714,537.485714285714
1443,-3.79849728571429,37.7757322857143,537.157142857143
1444,-3.79855114285714,37.7757431428571,536.828571428571
1445,-3.798605,37.775754,536.5
1446,-3.7986512,37.7757512,536.36
1447,-3.7986974,37.7757484,536.22
1448,-3.7987436,37.7757456,536.08
1449,-3.7987898,37.7757428,535.94
1450,-3.798836,37.77574,535.8
1451,-3.7988675,37.775732,535.65
1452,-3.798899,37.775724,535.5
1453,-3.7989475,37.7757115,535.5
1454,-3.798996,37.775699,535.5
1455,-3.799027,37.775685,535.5
1456,-3.799058,37.775671,535.5
1457,-3.79911085714286,37.7756592857143,535.614285714286
1458,-3.79916371428571,37.7756475714286,535.728571428571
1459,-3.79921657142857,37.7756358571429,535.842857142857
1460,-3.79926942857143,37.7756241428571,535.957142857143
1461,-3.79932228571429,37.7756124285714,536.071428571429
1462,-3.79937514285714,37.7756007142857,536.185714285714
1463,-3.799428,37.775589,536.3
1464,-3.7994824,37.77559,536.34
1465,-3.7995368,37.775591,536.38
1466,-3.7995912,37.775592,536.42
1467,-3.7996456,37.775593,536.46
1468,-3.7997,37.775594,536.5
1469,-3.799746,37.775595,536.56
1470,-3.799792,37.775596,536.62
1471,-3.799838,37.775597,536.68
1472,-3.799884,37.775598,536.74
1473,-3.79993,37.775599,536.8
1474,-3.79998257142857,37.7756121428571,536.728571428571
1475,-3.80003514285714,37.7756252857143,536.657142857143
1476,-3.80008771428571,37.7756384285714,536.585714285714
1477,-3.80014028571429,37.7756515714286,536.514285714286
1478,-3.80019285714286,37.7756647142857,536.442857142857
1479,-3.80024542857143,37.7756778571429,536.371428571429
1480,-3.800298,37.775691,536.3
1481,-3.80034042857143,37.7757108571429,536.157142857143
1482,-3.80038285714286,37.7757307142857,536.014285714286
1483,-3.80042528571429,37.7757505714286,535.871428571429
1484,-3.80046771428571,37.7757704285714,535.728571428571
1485,-3.80051014285714,37.7757902857143,535.585714285714
1486,-3.80055257142857,37.7758101428571,535.442857142857
1487,-3.800595,37.77583,535.3
1488,-3.8006405,37.775853,535.3
1489,-3.800686,37.775876,535.3
1490,-3.800717,37.7759032,535.2
1491,-3.800748,37.7759304,535.1
1492,-3.800779,37.7759576,535
1493,-3.80081,37.7759848,534.9
1494,-3.800841,37.776012,534.8
1495,-3.80087088888889,37.7760454444444,534.766666666667
1496,-3.80090077777778,37.7760788888889,534.733333333333
1497,-3.80093066666667,37.7761123333333,534.7
1498,-3.80096055555556,37.7761457777778,534.666666666667
1499,-3.80099044444444,37.7761792222222,534.633333333333
1500,-3.80102033333333,37.7762126666667,534.6
1501,-3.80105022222222,37.7762461111111,534.566666666667
1502,-3.80108011111111,37.7762795555556,534.533333333333
1503,-3.80111,37.776313,534.5
1504,-3.80111916666667,37.7763538333333,534.316666666667
1505,-3.80112833333333,37.7763946666667,534.133333333333
1506,-3.8011375,37.7764355,533.95
1507,-3.80114666666667,37.7764763333333,533.766666666667
1508,-3.80115583333333,37.7765171666667,533.583333333333
1509,-3.801165,37.776558,533.4
1510,-3.80117416666667,37.7765988333333,533.216666666667
1511,-3.80118333333333,37.7766396666667,533.033333333333
1512,-3.8011925,37.7766805,532.85
1513,-3.80120166666667,37.7767213333333,532.666666666667
1514,-3.80121083333333,37.7767621666667,532.483333333333
1515,-3.80122,37.776803,532.3
1516,-3.80122975,37.77684475,532.175
1517,-3.8012395,37.7768865,532.05
1518,-3.80124925,37.77692825,531.925
1519,-3.801259,37.77697,531.8
1520,-3.801219,37.776964,531.733333333333
1521,-3.801179,37.776958,531.666666666667
1522,-3.801139,37.776952,531.6
1523,-3.80108422444444,37.7769441577778,531.477777777778
1524,-3.80102944888889,37.7769363155556,531.355555555556
1525,-3.80097467333333,37.7769284733333,531.233333333333
1526,-3.80091989777778,37.7769206311111,531.111111111111
1527,-3.80086512222222,37.7769127888889,530.988888888889
1528,-3.80081034666667,37.7769049466667,530.866666666667
1529,-3.80075557111111,37.7768971044444,530.744444444445
1530,-3.80070079555556,37.7768892622222,530.622222222222
1531,-3.80064602,37.77688142,530.5
1532,-3.80059124444444,37.7768735777778,530.377777777778
1533,-3.80053646888889,37.7768657355556,530.255555555556
1534,-3.80048169333333,37.7768578933333,530.133333333333
1535,-3.80042691777778,37.7768500511111,530.011111111111
1536,-3.80037214222222,37.7768422088889,529.888888888889
1537,-3.80031736666667,37.7768343666667,529.766666666667
1538,-3.80026259111111,37.7768265244444,529.644444444444
1539,-3.80020781555556,37.7768186822222,529.522222222222
1540,-3.80015304,37.77681084,529.4
1541,-3.80009826444444,37.7768029977778,529.277777777778
1542,-3.80004348888889,37.7767951555556,529.155555555556
1543,-3.79998871333333,37.7767873133333,529.033333333333
1544,-3.79993393777778,37.7767794711111,528.911111111111
1545,-3.79987916222222,37.7767716288889,528.788888888889
1546,-3.79982438666667,37.7767637866667,528.666666666667
1547,-3.79976961111111,37.7767559444444,528.544444444444
1548,-3.79971483555556,37.7767481022222,528.422222222222
1549,-3.79966006,37.77674026,528.3
1550,-3.79960528444444,37.7767324177778,528.177777777778
1551,-3.79955050888889,37.7767245755556,528.055555555556
1552,-3.79949573333333,37.7767167333333,527.933333333333
1553,-3.79944095777778,37.7767088911111,527.811111111111
1554,-3.79938618222222,37.7767010488889,527.688888888889
1555,-3.79933140666667,37.7766932066667,527.566666666667
1556,-3.79927663111111,37.7766853644444,527.444444444444
1557,-3.79922185555556,37.7766775222222,527.322222222222
1558,-3.79916708,37.77666968,527.2
1559,-3.79911230444444,37.7766618377778,527.077777777778
1560,-3.79905752888889,37.7766539955556,526.955555555556
1561,-3.79900275333333,37.7766461533333,526.833333333333
1562,-3.79894797777778,37.7766383111111,526.711111111111
1563,-3.79889320222222,37.7766304688889,526.588888888889
1564,-3.79883842666667,37.7766226266667,526.466666666667
1565,-3.79878365111111,37.7766147844444,526.344444444444
1566,-3.79872887555556,37.7766069422222,526.222222222222
1567,-3.7986741,37.7765991,526.1
1568,-3.7986918,37.7766410666667,526.011111111111
1569,-3.7987095,37.7766830333333,525.922222222222
1570,-3.7987272,37.776725,525.833333333333
1571,-3.7987449,37.7767669666667,525.744444444445
1572,-3.7987626,37.7768089333333,525.655555555556
1573,-3.7987803,37.7768509,525.566666666667
1574,-3.798798,37.7768928666667,525.477777777778
1575,-3.7988157,37.7769348333333,525.388888888889
1576,-3.7988334,37.7769768,525.3
1577,-3.798777968,37.7769692053333,525.274666666667
1578,-3.798722536,37.7769616106667,525.249333333333
1579,-3.798667104,37.776954016,525.224
1580,-3.798611672,37.7769464213333,525.198666666667
1581,-3.79855624,37.7769388266667,525.173333333333
1582,-3.798500808,37.776931232,525.148
1583,-3.798445376,37.7769236373333,525.122666666667
1584,-3.798389944,37.7769160426667,525.097333333333
1585,-3.798334512,37.776908448,525.072
1586,-3.79827908,37.7769008533333,525.046666666667
1587,-3.798223648,37.7768932586667,525.021333333333
1588,-3.798168216,37.776885664,524.996
1589,-3.798112784,37.7768780693333,524.970666666667
1590,-3.798057352,37.7768704746667,524.945333333333
1591,-3.79800192,37.77686288,524.92
1592,-3.797946488,37.7768552853333,524.894666666667
1593,-3.797891056,37.7768476906667,524.869333333333
1594,-3.797835624,37.776840096,524.844
1595,-3.797780192,37.7768325013333,524.818666666667
1596,-3.79772476,37.7768249066667,524.793333333333
1597,-3.797669328,37.776817312,524.768
1598,-3.797613896,37.7768097173333,524.742666666667
1599,-3.797558464,37.7768021226667,524.717333333333
1600,-3.797503032,37.776794528,524.692
1601,-3.7974476,37.7767869333333,524.666666666667
1602,-3.797392168,37.7767793386667,524.641333333333
1603,-3.797336736,37.776771744,524.616
1604,-3.797281304,37.7767641493333,524.590666666667
1605,-3.797225872,37.7767565546667,524.565333333333
1606,-3.79717044,37.77674896,524.54
1607,-3.797115008,37.7767413653333,524.514666666667
1608,-3.797059576,37.7767337706667,524.489333333333
1609,-3.797004144,37.776726176,524.464
1610,-3.796948712,37.7767185813333,524.438666666667
1611,-3.79689328,37.7767109866667,524.413333333333
1612,-3.796837848,37.776703392,524.388
1613,-3.796782416,37.7766957973333,524.362666666667
1614,-3.796726984,37.7766882026667,524.337333333333
1615,-3.796671552,37.776680608,524.312
1616,-3.79661612,37.7766730133333,524.286666666667
1617,-3.796560688,37.7766654186667,524.261333333333
1618,-3.796505256,37.776657824,524.236
1619,-3.796449824,37.7766502293333,524.210666666667
1620,-3.796394392,37.7766426346667,524.185333333333
1621,-3.79633896,37.77663504,524.16
1622,-3.796283528,37.7766274453333,524.134666666667
1623,-3.796228096,37.7766198506667,524.109333333333
1624,-3.796172664,37.776612256,524.084
1625,-3.796117232,37.7766046613333,524.058666666667
1626,-3.7960618,37.7765970666667,524.033333333333
1627,-3.796006368,37.776589472,524.008
1628,-3.795950936,37.7765818773333,523.982666666667
1629,-3.795895504,37.7765742826667,523.957333333333
1630,-3.795840072,37.776566688,523.932
1631,-3.79578464,37.7765590933333,523.906666666667
1632,-3.795729208,37.7765514986667,523.881333333333
1633,-3.795673776,37.776543904,523.856
1634,-3.795618344,37.7765363093333,523.830666666667
1635,-3.795562912,37.7765287146667,523.805333333333
1636,-3.79550748,37.77652112,523.78
1637,-3.795452048,37.7765135253333,523.754666666667
1638,-3.795396616,37.7765059306667,523.729333333333
1639,-3.795341184,37.776498336,523.704
1640,-3.795285752,37.7764907413333,523.678666666667
1641,-3.79523032,37.7764831466667,523.653333333333
1642,-3.795174888,37.776475552,523.628
1643,-3.795119456,37.7764679573333,523.602666666667
1644,-3.795064024,37.7764603626667,523.577333333333
1645,-3.795008592,37.776452768,523.552
1646,-3.79495316,37.7764451733333,523.526666666667
1647,-3.794897728,37.7764375786667,523.501333333333
1648,-3.794842296,37.776429984,523.476
1649,-3.794786864,37.7764223893333,523.450666666667
1650,-3.794731432,37.7764147946667,523.425333333333
1651,-3.794676,37.7764072,523.4
1652,-3.79466634545455,37.7764502636364,523.236363636364
1653,-3.79465669090909,37.7764933272727,523.072727272727
1654,-3.79464703636364,37.7765363909091,522.909090909091
1655,-3.79463738181818,37.7765794545455,522.745454545455
1656,-3.79462772727273,37.7766225181818,522.581818181818
1657,-3.79461807272727,37.7766655818182,522.418181818182
1658,-3.79460841818182,37.7767086454545,522.254545454545
1659,-3.79459876363636,37.7767517090909,522.090909090909
1660,-3.79458910909091,37.7767947727273,521.927272727273
1661,-3.79457945454545,37.7768378363636,521.763636363636
1662,-3.7945698,37.7768809,521.6
1663,-3.79451354716981,37.7768750169811,521.520754716981
1664,-3.79445729433962,37.7768691339623,521.441509433962
1665,-3.79440104150943,37.7768632509434,521.362264150943
1666,-3.79434478867925,37.7768573679245,521.283018867925
1667,-3.79428853584906,37.7768514849057,521.203773584906
1668,-3.79423228301887,37.7768456018868,521.124528301887
1669,-3.79417603018868,37.7768397188679,521.045283018868
1670,-3.79411977735849,37.7768338358491,520.966037735849
1671,-3.7940635245283,37.7768279528302,520.88679245283
1672,-3.79400727169811,37.7768220698113,520.807547169811
1673,-3.79395101886792,37.7768161867925,520.728301886792
1674,-3.79389476603774,37.7768103037736,520.649056603774
1675,-3.79383851320755,37.7768044207547,520.569811320755
1676,-3.79378226037736,37.7767985377359,520.490566037736
1677,-3.79372600754717,37.776792654717,520.411320754717
1678,-3.79366975471698,37.7767867716981,520.332075471698
1679,-3.79361350188679,37.7767808886793,520.252830188679
1680,-3.7935572490566,37.7767750056604,520.17358490566
1681,-3.79350099622642,37.7767691226415,520.094339622642
1682,-3.79344474339623,37.7767632396226,520.015094339623
1683,-3.79338849056604,37.7767573566038,519.935849056604
1684,-3.79333223773585,37.7767514735849,519.856603773585
1685,-3.79327598490566,37.776745590566,519.777358490566
1686,-3.79321973207547,37.7767397075472,519.698113207547
1687,-3.79316347924528,37.7767338245283,519.618867924528
1688,-3.79310722641509,37.7767279415094,519.539622641509
1689,-3.79305097358491,37.7767220584906,519.460377358491
1690,-3.79299472075472,37.7767161754717,519.381132075472
1691,-3.79293846792453,37.7767102924528,519.301886792453
1692,-3.79288221509434,37.776704409434,519.222641509434
1693,-3.79282596226415,37.7766985264151,519.143396226415
1694,-3.79276970943396,37.7766926433962,519.064150943396
1695,-3.79271345660377,37.7766867603774,518.984905660377
1696,-3.79265720377358,37.7766808773585,518.905660377358
1697,-3.7926009509434,37.7766749943396,518.82641509434
1698,-3.79254469811321,37.7766691113208,518.747169811321
1699,-3.79248844528302,37.7766632283019,518.667924528302
1700,-3.79243219245283,37.776657345283,518.588679245283
1701,-3.79237593962264,37.7766514622642,518.509433962264
1702,-3.79231968679245,37.7766455792453,518.430188679245
1703,-3.79226343396226,37.7766396962264,518.350943396226
1704,-3.79220718113208,37.7766338132076,518.271698113208
1705,-3.79215092830189,37.7766279301887,518.192452830189
1706,-3.7920946754717,37.7766220471698,518.11320754717
1707,-3.79203842264151,37.776616164151,518.033962264151
1708,-3.79198216981132,37.7766102811321,517.954716981132
1709,-3.79192591698113,37.7766043981132,517.875471698113
1710,-3.79186966415094,37.7765985150943,517.796226415094
1711,-3.79181341132075,37.7765926320755,517.716981132075
1712,-3.79175715849057,37.7765867490566,517.637735849057
1713,-3.79170090566038,37.7765808660377,517.558490566038
1714,-3.79164465283019,37.7765749830189,517.479245283019
1715,-3.7915884,37.7765691,517.4
1716,-3.79157373333333,37.7766106733333,517.5
1717,-3.79155906666667,37.7766522466667,517.6
1718,-3.7915444,37.77669382,517.7
1719,-3.79152973333333,37.7767353933333,517.8
1720,-3.79151506666667,37.7767769666667,517.9
1721,-3.7915004,37.77681854,518
1722,-3.79148573333333,37.7768601133333,518.1
1723,-3.79147106666667,37.7769016866667,518.2
1724,-3.7914564,37.77694326,518.3
1725,-3.79144173333333,37.7769848333333,518.4
1726,-3.79142706666667,37.7770264066667,518.5
1727,-3.7914124,37.77706798,518.6
1728,-3.79139773333333,37.7771095533333,518.7
1729,-3.79138306666667,37.7771511266667,518.8
1730,-3.7913684,37.7771927,518.9
1731,-3.79142460858586,37.7771976969697,518.984848484848
1732,-3.79148081717172,37.7772026939394,519.069696969697
1733,-3.79153702575758,37.7772076909091,519.154545454545
1734,-3.79159323434343,37.7772126878788,519.239393939394
1735,-3.79164944292929,37.7772176848485,519.324242424242
1736,-3.79170565151515,37.7772226818182,519.409090909091
1737,-3.79176186010101,37.7772276787879,519.493939393939
1738,-3.79181806868687,37.7772326757576,519.578787878788
1739,-3.79187427727273,37.7772376727273,519.663636363636
1740,-3.79193048585859,37.777242669697,519.748484848485
1741,-3.79198669444444,37.7772476666667,519.833333333333
1742,-3.7920429030303,37.7772526636364,519.918181818182
1743,-3.79209911161616,37.7772576606061,520.00303030303
1744,-3.79215532020202,37.7772626575758,520.087878787879
1745,-3.79221152878788,37.7772676545455,520.172727272727
1746,-3.79226773737374,37.7772726515152,520.257575757576
1747,-3.7923239459596,37.7772776484849,520.342424242424
1748,-3.79238015454545,37.7772826454545,520.427272727273
1749,-3.79243636313131,37.7772876424242,520.512121212121
1750,-3.79249257171717,37.7772926393939,520.59696969697
1751,-3.79254878030303,37.7772976363636,520.681818181818
1752,-3.79260498888889,37.7773026333333,520.766666666667
1753,-3.79266119747475,37.777307630303,520.851515151515
1754,-3.79271740606061,37.7773126272727,520.936363636364
1755,-3.79277361464646,37.7773176242424,521.021212121212
1756,-3.79282982323232,37.7773226212121,521.106060606061
1757,-3.79288603181818,37.7773276181818,521.190909090909
1758,-3.79294224040404,37.7773326151515,521.275757575758
1759,-3.7929984489899,37.7773376121212,521.360606060606
1760,-3.79305465757576,37.7773426090909,521.445454545454
1761,-3.79311086616162,37.7773476060606,521.530303030303
1762,-3.79316707474747,37.7773526030303,521.615151515152
1763,-3.79322328333333,37.7773576,521.7
1764,-3.79327949191919,37.7773625969697,521.784848484848
1765,-3.79333570050505,37.7773675939394,521.869696969697
1766,-3.79339190909091,37.7773725909091,521.954545454545
1767,-3.79344811767677,37.7773775878788,522.039393939394
1768,-3.79350432626263,37.7773825848485,522.124242424242
1769,-3.79356053484848,37.7773875818182,522.209090909091
1770,-3.79361674343434,37.7773925787879,522.293939393939
1771,-3.7936729520202,37.7773975757576,522.378787878788
1772,-3.79372916060606,37.7774025727273,522.463636363636
1773,-3.79378536919192,37.777407569697,522.548484848485
1774,-3.79384157777778,37.7774125666667,522.633333333333
1775,-3.79389778636364,37.7774175636364,522.718181818182
1776,-3.79395399494949,37.7774225606061,522.80303030303
1777,-3.79401020353535,37.7774275575758,522.887878787879
1778,-3.79406641212121,37.7774325545455,522.972727272727
1779,-3.79412262070707,37.7774375515151,523.057575757576
1780,-3.79417882929293,37.7774425484848,523.142424242424
1781,-3.79423503787879,37.7774475454545,523.227272727273
1782,-3.79429124646465,37.7774525424242,523.312121212121
1783,-3.7943474550505,37.7774575393939,523.39696969697
1784,-3.79440366363636,37.7774625363636,523.481818181818
1785,-3.79445987222222,37.7774675333333,523.566666666667
1786,-3.79451608080808,37.777472530303,523.651515151515
1787,-3.79457228939394,37.7774775272727,523.736363636364
1788,-3.7946284979798,37.7774825242424,523.821212121212
1789,-3.79468470656566,37.7774875212121,523.906060606061
1790,-3.79474091515152,37.7774925181818,523.990909090909
1791,-3.79479712373737,37.7774975151515,524.075757575758
1792,-3.79485333232323,37.7775025121212,524.160606060606
1793,-3.79490954090909,37.7775075090909,524.245454545455
1794,-3.79496574949495,37.7775125060606,524.330303030303
1795,-3.79502195808081,37.7775175030303,524.415151515151
1796,-3.79507816666667,37.7775225,524.5
1797,-3.79513437525253,37.7775274969697,524.584848484848
1798,-3.79519058383838,37.7775324939394,524.669696969697
1799,-3.79524679242424,37.7775374909091,524.754545454545
1800,-3.7953030010101,37.7775424878788,524.839393939394
1801,-3.79535920959596,37.7775474848485,524.924242424242
1802,-3.79541541818182,37.7775524818182,525.009090909091
1803,-3.79547162676768,37.7775574787879,525.093939393939
1804,-3.79552783535354,37.7775624757576,525.178787878788
1805,-3.79558404393939,37.7775674727273,525.263636363636
1806,-3.79564025252525,37.777572469697,525.348484848485
1807,-3.79569646111111,37.7775774666667,525.433333333333
1808,-3.79575266969697,37.7775824636364,525.518181818182
1809,-3.79580887828283,37.7775874606061,525.60303030303
1810,-3.79586508686869,37.7775924575758,525.687878787879
1811,-3.79592129545455,37.7775974545455,525.772727272727
1812,-3.7959775040404,37.7776024515152,525.857575757576
1813,-3.79603371262626,37.7776074484849,525.942424242424
1814,-3.79608992121212,37.7776124454546,526.027272727273
1815,-3.79614612979798,37.7776174424242,526.112121212121
1816,-3.79620233838384,37.7776224393939,526.19696969697
1817,-3.7962585469697,37.7776274363636,526.281818181818
1818,-3.79631475555556,37.7776324333333,526.366666666667
1819,-3.79637096414141,37.777637430303,526.451515151515
1820,-3.79642717272727,37.7776424272727,526.536363636364
1821,-3.79648338131313,37.7776474242424,526.621212121212
1822,-3.79653958989899,37.7776524212121,526.706060606061
1823,-3.79659579848485,37.7776574181818,526.790909090909
1824,-3.79665200707071,37.7776624151515,526.875757575758
1825,-3.79670821565657,37.7776674121212,526.960606060606
1826,-3.79676442424242,37.7776724090909,527.045454545455
1827,-3.79682063282828,37.7776774060606,527.130303030303
1828,-3.79687684141414,37.7776824030303,527.215151515152
1829,-3.79693305,37.7776874,527.3
1830,-3.79698925858586,37.7776923969697,527.384848484848
1831,-3.79704546717172,37.7776973939394,527.469696969697
1832,-3.79710167575758,37.7777023909091,527.554545454546
1833,-3.79715788434343,37.7777073878788,527.639393939394
1834,-3.79721409292929,37.7777123848485,527.724242424242
1835,-3.79727030151515,37.7777173818182,527.809090909091
1836,-3.79732651010101,37.7777223787879,527.893939393939
1837,-3.79738271868687,37.7777273757576,527.978787878788
1838,-3.79743892727273,37.7777323727273,528.063636363636
1839,-3.79749513585859,37.777737369697,528.148484848485
1840,-3.79755134444444,37.7777423666667,528.233333333333
1841,-3.7976075530303,37.7777473636364,528.318181818182
1842,-3.79766376161616,37.7777523606061,528.40303030303
1843,-3.79771997020202,37.7777573575758,528.487878787879
1844,-3.79777617878788,37.7777623545455,528.572727272727
1845,-3.79783238737374,37.7777673515152,528.657575757576
1846,-3.7978885959596,37.7777723484849,528.742424242424
1847,-3.79794480454545,37.7777773454545,528.827272727273
1848,-3.79800101313131,37.7777823424242,528.912121212121
1849,-3.79805722171717,37.7777873393939,528.99696969697
1850,-3.79811343030303,37.7777923363636,529.081818181818
1851,-3.79816963888889,37.7777973333333,529.166666666667
1852,-3.79822584747475,37.777802330303,529.251515151515
1853,-3.79828205606061,37.7778073272727,529.336363636364
1854,-3.79833826464646,37.7778123242424,529.421212121212
1855,-3.79839447323232,37.7778173212121,529.506060606061
1856,-3.79845068181818,37.7778223181818,529.590909090909
1857,-3.79850689040404,37.7778273151515,529.675757575758
1858,-3.7985630989899,37.7778323121212,529.760606060606
1859,-3.79861930757576,37.7778373090909,529.845454545455
1860,-3.79867551616162,37.7778423060606,529.930303030303
1861,-3.79873172474747,37.7778473030303,530.015151515152
1862,-3.79878793333333,37.7778523,530.1
1863,-3.79884414191919,37.7778572969697,530.184848484849
1864,-3.79890035050505,37.7778622939394,530.269696969697
1865,-3.79895655909091,37.7778672909091,530.354545454545
1866,-3.79901276767677,37.7778722878788,530.439393939394
1867,-3.79906897626263,37.7778772848485,530.524242424242
1868,-3.79912518484848,37.7778822818182,530.609090909091
1869,-3.79918139343434,37.7778872787879,530.693939393939
1870,-3.7992376020202,37.7778922757576,530.778787878788
1871,-3.79929381060606,37.7778972727273,530.863636363636
1872,-3.79935001919192,37.777902269697,530.948484848485
1873,-3.79940622777778,37.7779072666667,531.033333333333
1874,-3.79946243636364,37.7779122636364,531.118181818182
1875,-3.7995186449495,37.7779172606061,531.20303030303
1876,-3.79957485353535,37.7779222575758,531.287878787879
1877,-3.79963106212121,37.7779272545455,531.372727272727
1878,-3.79968727070707,37.7779322515152,531.457575757576
1879,-3.79974347929293,37.7779372484848,531.542424242424
1880,-3.79979968787879,37.7779422454545,531.627272727273
1881,-3.79985589646465,37.7779472424242,531.712121212121
1882,-3.79991210505051,37.7779522393939,531.79696969697
1883,-3.79996831363636,37.7779572363636,531.881818181818
1884,-3.80002452222222,37.7779622333333,531.966666666667
1885,-3.80008073080808,37.777967230303,532.051515151515
1886,-3.80013693939394,37.7779722272727,532.136363636364
1887,-3.8001931479798,37.7779772242424,532.221212121212
1888,-3.80024935656566,37.7779822212121,532.306060606061
1889,-3.80030556515152,37.7779872181818,532.390909090909
1890,-3.80036177373737,37.7779922151515,532.475757575758
1891,-3.80041798232323,37.7779972121212,532.560606060606
1892,-3.80047419090909,37.7780022090909,532.645454545455
1893,-3.80053039949495,37.7780072060606,532.730303030303
1894,-3.80058660808081,37.7780122030303,532.815151515152
1895,-3.80064281666667,37.7780172,532.9
1896,-3.80069902525253,37.7780221969697,532.984848484848
1897,-3.80075523383838,37.7780271939394,533.069696969697
1898,-3.80081144242424,37.7780321909091,533.154545454545
1899,-3.8008676510101,37.7780371878788,533.239393939394
1900,-3.80092385959596,37.7780421848485,533.324242424242
1901,-3.80098006818182,37.7780471818182,533.409090909091
1902,-3.80103627676768,37.7780521787879,533.493939393939
1903,-3.80109248535354,37.7780571757576,533.578787878788
1904,-3.80114869393939,37.7780621727273,533.663636363636
1905,-3.80120490252525,37.778067169697,533.748484848485
1906,-3.80126111111111,37.7780721666667,533.833333333333
1907,-3.80131731969697,37.7780771636364,533.918181818182
1908,-3.80137352828283,37.7780821606061,534.00303030303
1909,-3.80142973686869,37.7780871575758,534.087878787879
1910,-3.80148594545455,37.7780921545455,534.172727272727
1911,-3.8015421540404,37.7780971515152,534.257575757576
1912,-3.80159836262626,37.7781021484849,534.342424242424
1913,-3.80165457121212,37.7781071454545,534.427272727273
1914,-3.80171077979798,37.7781121424242,534.512121212121
1915,-3.80176698838384,37.7781171393939,534.59696969697
1916,-3.8018231969697,37.7781221363636,534.681818181818
1917,-3.80187940555556,37.7781271333333,534.766666666667
1918,-3.80193561414141,37.778132130303,534.851515151515
1919,-3.80199182272727,37.7781371272727,534.936363636364
1920,-3.80204803131313,37.7781421242424,535.021212121212
1921,-3.80210423989899,37.7781471212121,535.106060606061
1922,-3.80216044848485,37.7781521181818,535.190909090909
1923,-3.80221665707071,37.7781571151515,535.275757575758
1924,-3.80227286565657,37.7781621121212,535.360606060606
1925,-3.80232907424242,37.7781671090909,535.445454545455
1926,-3.80238528282828,37.7781721060606,535.530303030303
